deal_type,side,h,n_events,n_stocks,actual,p,null_mean,halves
bulk_deals,BUY,1,6628,243,-0.0005127245638088062,0.5968010663112296,0.000811295383131822,"(np.float64(0.00018253618341579236), np.float64(-0.0012079853110334045))"
bulk_deals,BUY,5,6607,243,-0.0006089540564216359,0.9970009996667777,0.0044516519394564745,"(np.float64(0.00035147951477083086), np.float64(-0.0015690969394872277))"
bulk_deals,BUY,10,6582,243,0.002962201186248588,0.9996667777407531,0.008858654928884163,"(np.float64(0.0029911188058702816), np.float64(0.0029332835666268956))"
bulk_deals,BUY,21,6526,243,0.0017681251871933736,1.0,0.01985079256085077,"(np.float64(0.0005013009184569417), np.float64(0.003034949455929805))"
bulk_deals,SELL,1,8915,307,0.0006279848145786904,0.2679106964345218,0.0008030175026253983,"(np.float64(0.001376452582400122), np.float64(-0.00012031506006916105))"
bulk_deals,SELL,5,8882,307,0.0026225468813699995,0.5338220593135622,0.00410211975014429,"(np.float64(0.006563705788336744), np.float64(-0.0013186120255967455))"
bulk_deals,SELL,10,8850,307,0.00788353987387237,0.254915028323892,0.00827999021288846,"(np.float64(0.013850204411830196), np.float64(0.0019168753359145416))"
bulk_deals,SELL,21,8800,307,0.012218013261385528,0.8030656447850717,0.018757385334511958,"(np.float64(0.017180561358575038), np.float64(0.007255465164196018))"
block_deals,BUY,1,44,37,-0.00021970440794512956,0.9630123292235921,0.0011344190356550054,"(np.float64(-0.0013457978698714497), np.float64(0.0009063890539811906))"
block_deals,BUY,5,44,37,0.015406221773292383,0.19060313228923692,0.005795557427201434,"(np.float64(0.022490659788223896), np.float64(0.008321783758360872))"
block_deals,BUY,10,44,37,0.02216397837885395,0.2392535821392869,0.011659901258405351,"(np.float64(0.031057389547266834), np.float64(0.013270567210441064))"
block_deals,BUY,21,43,36,0.0428550623574103,0.20859713428857046,0.024948301524021447,"(np.float64(0.057593913189957865), np.float64(0.028786159289978543))"
block_deals,SELL,1,111,89,0.0013431133098840051,0.6067977340886371,0.0009213997775216781,"(np.float64(0.006076956572938147), np.float64(-0.003306197037758456))"
block_deals,SELL,5,111,89,0.006347764294540437,0.4315228257247584,0.0049127159773568255,"(np.float64(0.012185338050274604), np.float64(0.0006144329273015213))"
block_deals,SELL,10,111,89,0.01535238687994886,0.23958680439853383,0.009655366653493432,"(np.float64(0.029339657758684877), np.float64(0.0016148886954759872))"
block_deals,SELL,21,108,88,0.025035884943324357,0.3515494835054982,0.020609783636524794,"(np.float64(0.04302225600237898), np.float64(0.007049513884269732))"
