universe,period,signal,h,months,ic,p,p_basis,p_shift,p_nw,t_nw,null_z0,ic_h1,ic_h2,gross_excess
A,P1,DIV1,1,127,-0.006705678015171563,0.7273181704573857,shift,0.7273181704573857,0.6239662467747638,-0.4902369360257637,-0.3414303217980874,-0.01814263690072215,0.0055200366555894125,-0.004412186872183012
A,P1,DYLD,1,127,-0.008494617667292242,0.6354904193527607,NW,0.8552861784553861,0.6354904193527607,-0.47401330509306555,-1.8619771482991692,-0.0378230719672577,0.021299367653307585,-0.001369196432241006
A,P1,DYLD,3,125,-0.014237637309215057,0.6320633121378507,NW,0.9055236190952262,0.6320633121378507,-0.4788247439089107,-2.198358628855871,-0.07610313434751668,0.04664586771260557,-0.005573503147066805
A,P1,DYLD,12,116,-0.003874583382376697,0.9351891743989701,NW,0.9775056235941014,0.9351891743989701,-0.08131785547541737,-2.34567241643748,-0.10623398427549864,0.09848481751074524,0.017381890485363045
A,P2,DIV1,1,100,0.02085750347137662,0.14746313421644588,shift,0.14746313421644588,0.2239707447706723,1.2160372175273004,0.28662234349842897,0.056328153362244254,-0.013903733421673654,0.008540800206445067
A,P2,DYLD,1,100,0.02120081245419148,0.2196638731044942,NW,0.3881529617595601,0.2196638731044942,1.2274223958390635,-2.1243267840486815,0.07021651665443727,-0.02781489174605431,0.002797831693336104
A,P2,DYLD,3,100,0.034941987322377174,0.2560294758458678,NW,0.4691327168207948,0.2560294758458678,1.1358258029065231,-1.9938202436296628,0.127892202058387,-0.05800822741363265,0.00967960943020662
A,P2,DYLD,12,100,0.04256133942143719,0.5230807454835847,NW,0.913021744563859,0.5230807454835847,0.6386037433562851,-2.246581203650076,0.19336775851742538,-0.10824507967455099,0.06325478741955165
B,P1,DIV1,1,127,-0.012557145012398428,0.17745563609097725,shift,0.17745563609097725,0.3423993968172539,-0.9494350385115693,-0.018978578368834778,-0.0062702486868959914,-0.01928522704495367,-0.0017158434290698932
B,P1,DYLD,1,127,0.008124878477411324,0.6021266091295164,NW,0.4996250937265684,0.6021266091295164,0.5213447833955817,0.12839555245037065,0.007650824266307957,0.008606457358532221,-0.001554496395117801
B,P1,DYLD,3,125,0.011668365970531011,0.6277821767797039,NW,0.6600849787553111,0.6277821767797039,0.484850811042698,0.1683507801720009,-0.0036200395556243983,0.026714098393096658,0.002239667205871571
B,P1,DYLD,12,116,0.044212153368121884,0.346565454874884,NW,0.3014246438390402,0.346565454874884,0.941272064252005,-0.10596909827814965,0.044564067537771763,0.043860239198472005,0.05393267367211336
B,P2,DIV1,1,100,0.03568631011223544,0.015746063484128967,shift,0.015746063484128967,0.0140711825408942,2.4554410598810765,0.29681057108378106,0.05453484391065536,0.016837776313815507,0.00559222465535296
B,P2,DYLD,1,100,0.0018219446857453245,0.9379464050507964,NW,0.9575106223444139,0.9379464050507964,0.07785121664286489,-1.8804571387760882,0.059792118935873925,-0.05614822956438328,-0.002789692263804364
B,P2,DYLD,3,100,-0.005076087154220512,0.9006166837480581,NW,0.9512621844538866,0.9006166837480581,-0.124882359958629,-2.127813025158776,0.09208233440635646,-0.10223450871479749,-0.0016842832534129976
B,P2,DYLD,12,100,0.008783528561101848,0.9197340339476819,NW,0.8975256185953512,0.9197340339476819,0.10076875059833991,-1.6125147968767495,0.1517188706526717,-0.134151813530468,0.031364455152471875
