2016-01-04,0.0023744684168576224
2016-01-11,0.0026309223592249076
2016-01-18,0.002890763161474519
2016-01-25,-9.412160229982369e-05
2016-02-01,0.0012440268191988846
2016-02-08,0.0008392839013164899
2016-02-15,-0.00020943818839924688
2016-02-22,0.0008501144478285649
2016-02-29,0.0031343980542126726
2016-03-08,-0.004361856644279571
2016-03-14,0.0010744486818106136
2016-03-21,0.0011811662394134448
2016-03-28,0.003085961056635833
2016-04-04,0.004117930107333967
2016-04-11,0.004001889882819354
2016-04-18,0.0007075194952825825
2016-04-25,0.0012667259355327865
2016-05-02,0.004381313888739635
2016-05-09,0.004862694269963441
2016-05-16,0.0033648188786057354
2016-05-23,0.0017850351066337478
2016-05-30,0.001931894601699513
2016-06-06,0.0035056725659763366
2016-06-13,0.002472061512383439
2016-06-20,0.0016265096801602041
2016-06-27,0.001222998313542556
2016-07-04,0.0019890575816852163
2016-07-11,0.002538953977163194
2016-07-18,0.0013867928610296065
2016-07-25,0.00046894086627191633
2016-08-01,0.005262540753002032
2016-08-08,0.00355288124261377
2016-08-16,0.0020075320020822573
2016-08-22,0.00046929410100449154
2016-08-29,0.004914324652210755
2016-09-06,0.0020351112602035037
2016-09-12,0.003069254190638304
2016-09-19,0.0026905690390985892
2016-09-26,0.0013871519231722917
2016-10-03,0.004692140449052751
2016-10-10,0.00357686432242188
2016-10-17,0.00041073297199156755
2016-10-24,0.0012974933182625659
2016-11-01,0.002956093319808728
2016-11-07,0.0027009604321537317
2016-11-15,0.003835480756295251
2016-11-21,0.0012737766227386427
2016-11-28,0.002916253176616035
2016-12-05,0.004447178225434278
2016-12-12,0.0015421006038198737
2016-12-19,0.0024431203125683254
2016-12-26,0.0003856731893907561
2017-01-02,0.001540436456996197
2017-01-09,0.0016816551187701645
2017-01-16,0.00224659991338072
2017-01-23,0.0012989334445570044
2017-01-30,0.0026179375054300458
2017-02-06,0.0017668568702131626
2017-02-13,0.0011698054572066852
2017-02-20,-0.0006025537429963368
2017-02-27,0.002141221382006009
2017-03-06,0.0017515358868964714
2017-03-14,0.0017607571255640053
2017-03-20,0.002925477220263817
2017-03-27,0.0025151245076133755
2017-04-03,0.00274959992845325
2017-04-10,0.003038714374526963
2017-04-17,0.003178601854991303
2017-04-24,0.0007051247348683898
2017-05-02,0.0027378938615005843
2017-05-08,0.0031726473373192565
2017-05-15,0.0008363445749572929
2017-05-22,0.0005721399623870305
2017-05-29,8.325014757892824e-05
2017-06-05,0.0010749647078487357
2017-06-12,0.00038991818379940923
2017-06-19,0.0018327832287139412
2017-06-27,0.00016817811355895884
2017-07-03,0.0007072282891313897
2017-07-10,0.0006038445643445911
2017-07-17,0.001734559406685099
2017-07-24,-0.001063612759825694
2017-07-31,0.0025702227455313142
2017-08-07,0.0034153566568770888
2017-08-14,0.0021900428847336784
2017-08-21,0.0014609267860672404
2017-08-28,0.0004287583121056482
2017-09-04,0.0014930510608173186
2017-09-11,0.0019838193592840447
2017-09-18,0.0021865628703672257
2017-09-25,0.0006128467540864602
2017-10-03,0.000907753942897882
2017-10-09,0.0027831310224000205
2017-10-16,0.0024534023647460046
2017-10-23,0.00047623586120848493
2017-10-30,0.002392941525452663
2017-11-06,0.0036118368145139357
2017-11-13,0.004347190337208318
2017-11-20,0.002068212161669969
2017-11-27,0.0018222130446414742
2017-12-04,0.0031102663474118497
2017-12-11,0.002339606190510768
2017-12-18,0.0015016243532668394
2017-12-26,-0.0005269904571997275
2018-01-01,-0.0030387528577390244
2018-01-08,0.0007342511871508695
2018-01-15,0.00016293694525670865
2018-01-22,0.00016412290998202295
2018-01-29,0.0006513341048455246
2018-02-05,0.0016922243502361933
2018-02-12,0.0003178443511469009
2018-02-19,1.4415456078831212e-05
2018-02-26,0.0016867680233492166
2018-03-05,0.0006516544673929037
2018-03-12,0.0010938654065393294
2018-03-19,0.0028283428684645617
2018-03-26,0.00153490731349204
2018-04-02,0.005111752708718331
2018-04-09,0.001401859574308606
2018-04-16,0.001382020085279434
2018-04-23,7.083853804701334e-05
2018-04-30,0.0038131164469448198
2018-05-07,0.002272409126965691
2018-05-14,0.0007495781205748564
2018-05-21,0.002096646693164006
2018-05-28,-0.0009168969202693056
2018-06-04,-0.0028037822834829917
2018-06-11,-0.00010662840670205842
2018-06-18,-0.00094905112068433
2018-06-25,-0.00044601324283866095
2018-07-02,8.915910501849922e-05
2018-07-09,0.0006403458176953425
2018-07-16,0.000676647379210138
2018-07-23,0.0013216355804144264
2018-07-30,0.0016741121015830807
2018-08-06,0.002384311330924538
2018-08-13,0.0022367523061004313
2018-08-20,0.0023546215941308013
2018-08-27,0.0011460709687998172
2018-09-03,0.005128526821269519
2018-09-10,0.0047735543918718815
2018-09-17,0.002632330645338632
2018-09-24,0.002785492303273074
2018-10-01,0.004859987124416598
2018-10-08,0.002990920598244573
2018-10-15,0.00047086801426887703
2018-10-22,-0.0012981625631389715
2018-10-29,0.0032290387515516716
2018-11-05,0.0025608133789434273
2018-11-12,0.002065387445775224
2018-11-19,0.00044127405862703917
2018-11-26,0.0009973459359264858
2018-12-03,0.0036981738830825783
2018-12-10,0.0025027343600518837
2018-12-17,0.002034320298268888
2018-12-24,0.0017255122614525664
2018-12-31,0.004998844312692485
2019-01-07,0.0029382457793847294
2019-01-14,0.002998844415551316
2019-01-21,0.0007161556584653894
2019-01-28,0.0014303919778899665
2019-02-04,0.0023139132626177616
2019-02-11,0.0019102376465354176
2019-02-18,0.0020016825844071384
2019-02-25,0.0006388168191961974
2019-03-05,0.004118317160318519
2019-03-11,0.0030533706339836986
2019-03-18,0.0028179410703983443
2019-03-25,0.0013915494198206702
2019-04-01,0.006791377840041246
2019-04-08,0.006066612090137369
2019-04-15,0.003199253390592016
2019-04-22,0.0021087506760246733
2019-04-30,0.003694165288319118
2019-05-06,0.005009376414545352
2019-05-13,0.0029914967531281533
2019-05-20,0.0026377528374865733
2019-05-27,-0.0005241200025157822
2019-06-03,0.0013153104027694429
2019-06-10,0.0009309807766417766
2019-06-17,0.002176086541465505
2019-06-24,0.0014957378033297886
2019-07-01,0.0032067819476173653
2019-07-08,0.0006662044612006923
2019-07-15,-0.0007895524111213303
2019-07-22,0.0012382828123642664
2019-07-29,0.002310245972569902
2019-08-05,0.0031484535797012825
2019-08-13,-6.403249175246373e-05
2019-08-19,0.00037992104384820813
2019-08-26,-0.00033004693533766893
2019-09-03,0.0035654718030577737
2019-09-09,0.0020176401730946925
2019-09-16,0.0012450583905121437
2019-09-23,0.0006120415654868872
2019-09-30,0.005242064209060926
2019-10-07,0.0031995621337692626
2019-10-14,-0.00042768065477816197
2019-10-22,0.0031066020476182565
2019-10-29,0.0007296598251460562
2019-11-04,0.003215746689269716
2019-11-11,0.002539130494657371
2019-11-18,0.0030628129075687127
2019-11-25,0.0018676881664767553
2019-12-02,0.003589731577030797
2019-12-09,0.0024460732984292743
2019-12-16,0.0023726499798066847
2019-12-23,0.0011172045422112031
2019-12-30,0.005993088440707783
2020-01-06,0.004223295670189309
2020-01-13,0.0026440702076653277
2020-01-20,0.0031575964701537895
2020-01-27,0.0005528508952885591
2020-02-03,-0.00040574231642798164
2020-02-10,0.0007106345842162742
2020-02-17,0.0023784386074017227
2020-02-24,-0.000156423027702024
2020-03-02,-0.0008129168444453994
2020-03-09,0.0010428987828301484
2020-03-16,-0.00858398974404484
2020-03-23,-0.0037712295916690897
2020-03-30,0.001092897205916099
2020-04-07,0.009514092357917114
2020-04-13,0.001918020800238729
2020-04-20,-0.0001457170470177127
2020-04-27,0.0013843762411132055
2020-05-04,-0.0008177758648517663
2020-05-11,-0.0015207155398179184
2020-05-18,0.0002946759980733127
2020-05-26,0.0005482520774147126
2020-06-01,-0.003577229049795183
2020-06-08,-0.00020656066881630242
2020-06-15,5.075016202837901e-06
2020-06-22,-0.0022306031186316577
2020-06-29,-0.00548857574192485
2020-07-06,-0.0008176027932553787
2020-07-13,0.00044894374552795213
2020-07-20,-0.001233891153445299
2020-07-27,-0.0008399185083765026
2020-08-03,0.0020015784096796274
2020-08-10,0.0020585004255400108
2020-08-17,0.0018760739530938597
2020-08-24,0.0006715072717664583
2020-08-31,0.0012689352360044648
2020-09-07,0.000955539209349876
2020-09-14,0.0010402223343140005
2020-09-21,0.000493326584820597
2020-09-28,0.0009307636567452704
2020-10-05,0.0012431501354479568
2020-10-12,0.0006202192253226269
2020-10-19,0.0013770847070855297
2020-10-26,0.0009050158271546316
2020-11-02,0.0010625974436804242
2020-11-09,0.0004975660485817546
2020-11-17,0.0005941964993123605
2020-11-23,0.0006111348876247646
2020-12-01,0.0026203421166510754
2020-12-07,0.00238474065477412
2020-12-14,0.000991994408344965
2020-12-21,0.00010125816567985169
2020-12-28,0.0012505985960875599
2021-01-04,0.0022924954170406853
2021-01-11,0.00031067156837361054
2021-01-18,0.00041664242007910524
2021-01-25,0.0010007520934960379
2021-02-01,0.004905036252519812
2021-02-08,0.000707881518064335
2021-02-15,0.0011426802003513536
2021-02-22,-0.00020783984899575003
2021-03-01,0.002452330262842972
2021-03-08,0.000855819293694049
2021-03-15,0.0026290230751198074
2021-03-22,0.0003528412120443747
2021-03-31,0.004193115635642286
2021-04-05,0.00414339560055188
2021-04-12,0.0022675319168303787
2021-04-19,0.0010237024738104505
2021-04-26,8.284432171223877e-05
2021-05-03,0.003529388997402183
2021-05-10,0.0028309062316718148
2021-05-17,0.00193991272735472
2021-05-24,0.00032569432373885654
2021-05-31,2.568186189377819e-05
2021-06-07,0.0021076908483672607
2021-06-14,0.0013154938314532405
2021-06-21,-0.0001714666751342353
2021-06-28,0.002545088063030887
2021-07-05,0.0014999283968657462
2021-07-12,0.0012330901894317403
2021-07-19,-2.4797808029219937e-08
2021-07-26,-0.0002527857374585718
2021-08-02,0.0015013776255512479
2021-08-09,0.0002890840035059128
2021-08-16,-0.0002173984308539989
2021-08-23,-0.00013331467401478392
2021-08-30,0.0006703198104260899
2021-09-06,0.001545029724300262
2021-09-13,0.00023043211986961687
2021-09-20,-0.0005892078700711068
2021-09-27,9.243245129431088e-05
2021-10-04,0.0008478767752420069
2021-10-11,0.0015101336195515458
2021-10-18,0.0009930815781824531
2021-10-25,0.001106160909160936
2021-11-01,0.004394932843542865
2021-11-08,0.0029996439341579695
2021-11-15,0.0017422275447964708
2021-11-22,0.0010621631678020549
2021-11-29,0.0024012491608089714
2021-12-06,0.002654880338216481
2021-12-13,0.0045254991147638535
2021-12-20,0.0012549976664819606
2021-12-27,0.0010037310703050473
2022-01-03,0.0029644657270910812
2022-01-10,0.002493943710409008
2022-01-17,0.0015567093927326692
2022-01-24,0.00014871863147880582
2022-01-31,0.0012745433854888244
2022-02-07,0.00027306262093129696
2022-02-14,-0.00029394049803832534
2022-02-21,-8.429244461138907e-05
2022-02-28,2.081764014727483e-05
2022-03-07,0.0005704799584040909
2022-03-14,0.0008356924538783783
2022-03-21,0.0023981394332017736
2022-03-28,0.002726164208570525
2022-04-04,0.002481505334488876
2022-04-11,0.0027723293936268156
2022-04-18,0.003257875181012171
2022-04-25,0.0002595726336807047
2022-05-02,0.0008875916698429798
2022-05-09,-0.00018400423552400458
2022-05-16,1.8948973078414255e-05
2022-05-23,-0.0019334427978855429
2022-05-30,-0.0010773638592287416
2022-06-06,0.0007060673463301637
2022-06-13,-0.0005166846550848092
2022-06-20,-0.00016289030148708417
2022-06-27,0.00022108288918243346
2022-07-04,0.00010106443270774257
2022-07-11,-0.0007708436112481287
2022-07-18,0.001336118192708069
2022-07-25,6.614154290174312e-05
2022-08-01,0.002205830838243994
2022-08-08,0.0018630644819579434
2022-08-16,0.001424944951683882
2022-08-22,8.866319354106089e-05
2022-08-29,0.0033125362060106855
2022-09-05,0.0025019651980289215
2022-09-12,0.0015610975050555087
2022-09-19,0.0003262920455673335
2022-09-26,0.0007316054711326014
2022-10-03,0.0004915152949989121
2022-10-10,-0.0007859172901802935
2022-10-17,-0.000664331885245395
2022-10-24,0.00010151854828466256
2022-10-31,0.00215691492072545
2022-11-07,0.0033703175399906193
2022-11-14,0.0027306017086641265
2022-11-21,0.0017759290437169284
2022-11-28,0.00707599897644462
2022-12-05,0.0062402492841207025
2022-12-12,0.005841419196643605
2022-12-19,0.004280611200824458
2022-12-26,0.0007050054345025814
2023-01-02,0.004308339059367672
2023-01-09,0.003977680173555598
2023-01-16,0.0026208876659366
2023-01-23,0.0016336416255009478
2023-01-30,0.005258147672123625
2023-02-06,0.002327684920248929
2023-02-13,0.0017415892664238708
2023-02-20,0.0010115323974833057
2023-02-27,0.006051434566092917
2023-03-06,0.003585295616734596
2023-03-13,0.003002117043807928
2023-03-20,0.002383956608260185
2023-03-27,0.003043782924928351
2023-04-03,0.004365386657673831
2023-04-10,0.0032597056978025396
2023-04-17,0.0030073328570432434
2023-04-24,0.001155337135143153
2023-05-02,0.0036092611420837084
2023-05-08,0.0025185392562141473
2023-05-15,0.001016389123343453
2023-05-22,0.0009254798963374
2023-05-29,0.00403521802919804
2023-06-05,0.005528730886000588
2023-06-12,0.004381367094051569
2023-06-19,0.00451872841122225
2023-06-26,0.0013910707892899055
2023-07-03,0.004264406893419004
2023-07-10,0.0027717444444477213
2023-07-17,0.0004946760201034461
2023-07-24,0.0010344667022033072
2023-07-31,0.00456363915725877
2023-08-07,0.003252959142771017
2023-08-14,0.002253677959577871
2023-08-21,0.00030682239217338925
2023-08-28,0.0007898673282684676
2023-09-04,0.00409647369780175
2023-09-11,0.002017887835191745
2023-09-18,0.002262382072611757
2023-09-25,0.0013189230614978342
2023-10-03,0.002189080202265936
2023-10-09,0.0013735091447995007
2023-10-16,0.0004383797686471347
2023-10-23,-0.0006508745316166076
2023-10-30,0.004179511294786442
2023-11-06,0.0038507604930004824
2023-11-13,0.002756657945506946
2023-11-20,0.00290443789986794
2023-11-28,0.002363071494097424
2023-12-04,0.00541887650658901
2023-12-11,0.004160116980442385
2023-12-18,0.002735915116325316
2023-12-26,0.0014434907871407887
2024-01-01,0.00676112054300404
2024-01-08,0.003093478361920754
2024-01-15,0.0016223945531044226
2024-01-23,-0.002097612841179375
2024-01-29,0.0054122990918583636
2024-02-05,0.0014583510883090511
2024-02-12,0.003784188868623195
2024-02-19,0.0022217450756591983
2024-02-26,0.0008859584919953534
2024-03-04,0.004121754928904542
2024-03-11,0.003971745754468792
2024-03-18,0.0036158808867960968
2024-03-26,0.00381058520348021
2024-04-01,0.006259460422046059
2024-04-08,0.003626494660213586
2024-04-15,0.0038073857896507857
2024-04-22,0.0009759678817429229
2024-04-29,0.004732045873258706
2024-05-06,0.004787783332239837
2024-05-13,0.004390562603679982
2024-05-21,0.0034111165843684343
2024-05-27,0.0021389246644398785
2024-06-03,0.006189830894953063
2024-06-10,-0.0005180409968836841
2024-06-18,0.0004329591859153492
2024-06-24,0.00022731008625664906
2024-07-01,0.0026634461313530533
2024-07-08,0.0022634856934424796
2024-07-15,0.0014235656823469167
2024-07-22,-6.1201383151354705e-06
2024-07-29,0.0029936419886533727
2024-08-05,0.001968372910835514
2024-08-12,0.0004025136567133991
2024-08-19,0.0009400536371857449
2024-08-26,0.0013074612818455567
2024-09-02,0.0024427990030515545
2024-09-09,0.0019489424541512257
2024-09-16,0.002324321662480866
2024-09-23,-0.0008173306505621092
2024-09-30,0.006946706262620506
2024-10-07,0.007654537571962994
2024-10-14,0.0037229771691911218
2024-10-21,0.0003107364381071953
2024-10-28,0.0003820843877353486
2024-11-04,0.004971812979061241
2024-11-11,0.0035209046737041394
2024-11-18,0.002564582999190712
2024-11-25,0.002130287406968856
2024-12-02,0.006279819568829836
2024-12-09,0.0030707989764002797
2024-12-16,0.002847790175630527
2024-12-23,0.0006862490200847393
2024-12-30,0.007265820812809132
2025-01-06,0.004446095569601516
2025-01-13,0.0032985770057984976
2025-01-20,0.002375266387517616
2025-01-27,0.0007577859481842086
2025-02-03,0.003497240749785746
2025-02-10,0.003316727337761227
2025-02-17,0.0029138265206123393
2025-02-24,0.0026293385085625065
2025-03-03,0.006351883368261646
2025-03-10,0.0024643133361867964
2025-03-17,0.003356472482923367
2025-03-24,0.001733019897920185
2025-04-01,0.006721177711052073
2025-04-07,0.004611598098801739
2025-04-15,0.0005293607333691774
2025-04-21,0.0004123934346706992
2025-04-28,0.00510923402593666
2025-05-05,0.0037835346211056997
2025-05-12,0.004790460266023144
2025-05-19,0.0012407385803554494
2025-05-26,0.0013899204169434132
2025-06-02,0.0044383285872136025
2025-06-09,0.0031311061416940955
2025-06-16,0.001992263443769682
2025-06-23,0.000856947570679667
2025-06-30,0.003807227550818082
2025-07-07,0.0030477319056356755
2025-07-14,0.003396786422946052
2025-07-21,0.0014706956122778614
2025-07-28,0.0011871369727713965
2025-08-04,0.0028455572296770537
2025-08-11,0.0017428973050028773
2025-08-18,0.00361180868521771
2025-08-25,0.0008791340829670258
2025-09-01,0.004992851378954999
2025-09-08,0.004825773367130637
2025-09-15,0.0038094867098337204
2025-09-22,0.0029898161002008816
2025-09-29,0.002033684268277547
2025-10-06,0.004296638947294706
2025-10-13,0.0032484740527218836
2025-10-20,0.002784088173750643
2025-10-27,0.0018273560022559199
2025-11-03,0.005261365182719802
2025-11-10,0.00469808196338084
2025-11-17,0.0017933331661521557
2025-11-24,0.0014214449430844933
2025-12-01,0.006072414352979338
2025-12-08,0.004011826236954175
2025-12-15,0.0031274552606945782
2025-12-22,0.0009742938742498541
2025-12-29,0.000582080512077976
2026-01-05,0.0030856491674127184
2026-01-12,0.0033248999137271973
2026-01-19,0.00041038869672282985
2026-01-27,-0.00044489424006022293
2026-02-02,0.002128458113852316
2026-02-09,0.001859460295326354
2026-02-16,0.001341367260125903
2026-02-23,-0.0003033485007583048
2026-03-02,0.004685200292383174
2026-03-09,0.003930789875960405
2026-03-16,0.0008714337372779379
2026-03-23,9.992645627976415e-05
2026-03-30,-0.0005821574284456954
2026-04-06,0.003864029693163351
2026-04-13,0.0006731470332388412
2026-04-20,-0.0013564462701335378
2026-04-27,0.0011373064097639496
2026-05-04,0.003594599177493496
2026-05-11,0.0022107290518107447
2026-05-18,0.0003404143144467575
2026-05-25,0.0013024789035964712
2026-06-01,0.0033957041540053634
2026-06-08,0.002231544349781567
2026-06-15,0.0026284845810642388
2026-06-22,0.000867099354695533
2026-06-29,0.0011129091193819995
2026-07-06,0.002151029005529992
2026-07-13,0.0013134525628846205
2026-07-20,0.0008663902469212559
2026-07-27,0.0013356746573274236
2026-08-03,-0.005041546171286049
2026-08-10,0.0030873671416946635
2026-08-17,0.004325227335104875
2026-08-24,-0.00039022096015906005
2026-08-31,0.007101194606447425
