universe,period,signal,h,days,ic,p,ic_h1,ic_h2,top5_excess
A,P1,O20,1,1721,-0.004098402897973928,0.31317170707323166,-0.01255458358383279,0.004347956439817731,-1.4561828900758902e-05
A,P1,O20,5,1717,-0.006758720372489257,0.36890777305673583,-0.014046512979322677,0.0005205881917285265,0.00021644171015809945
A,P1,O20,21,1701,-0.015898729847454354,0.41989502624343916,-0.01955193073558288,-0.012249821792331845,0.0009575358887339294
A,P1,G5,1,1721,0.0029354314911786993,0.48637840539865035,0.012568792706218966,-0.0066867411510218005,-5.345297066686401e-05
A,P1,G5,5,1717,-0.0032244366570521694,0.6433391652086978,0.019242958583861852,-0.025665676606649646,-0.0006947770509511739
A,P1,G5,21,1701,-0.002068187750082126,0.9025243689077731,0.0064012334208847915,-0.010527656604749434,0.0006754527203467235
A,P1,I5,1,1721,0.006852908577460367,0.13046738315421144,0.008118626933777174,0.00558866027730653,0.00016079758579092327
A,P1,I5,5,1717,0.01590097167034622,0.04948762809297676,0.023355696069774442,0.008454925646237472,0.0007708381305037242
A,P1,I5,21,1701,-0.004774707618922925,0.6160959760059985,-0.012612130312724424,0.0030535054124886784,-0.0006319129005882069
A,P1,MAX,1,1721,0.007622518482262831,0.04473881529617595,0.012029583274850209,0.003220572231827121,-0.00036678112984213335
A,P1,MAX,5,1717,-0.003100677821949326,0.7610597350662335,0.006648122929178168,-0.0128381295617251,-0.001054906257878204
A,P1,MAX,21,1701,-0.013418205782193464,0.7675581104723819,-0.009048668899814686,-0.017782608073641126,-0.001913990126774988
A,P2,O20,1,2921,-0.005181776809478861,0.6245938515371158,-0.006927769285172849,-0.0034369794005033485,0.0006338733475116359
A,P2,O20,5,2921,-0.0021438284084464875,0.7733066733316671,-0.012254077051410002,0.007959500146465718,0.0022209762353887063
A,P2,O20,21,2921,0.0010395624734370445,0.8975256185953512,-0.014705510052944093,0.016773858085015733,0.006490378698980935
A,P2,G5,1,2936,0.0031371805778811755,0.6225943514121469,0.008754600259926668,-0.002480239104164319,9.609464021364687e-05
A,P2,G5,5,2936,-0.004812686628413804,0.43889027743064235,0.006958128450393961,-0.016583501707221567,-2.2283039357435212e-05
A,P2,G5,21,2936,-0.0035039096425628974,0.5793551612096975,0.009185495503751853,-0.016193314788877648,0.003854755259848533
A,P2,I5,1,2937,0.02783112495554936,0.00024993751562109475,0.030658937663663288,0.02500523723906792,0.0011523996523442194
A,P2,I5,5,2937,0.03319901549148302,0.00024993751562109475,0.036227977246095194,0.030172115657738523,0.0037703228653345037
A,P2,I5,21,2937,0.021179440460461805,0.0047488127968008,0.01596478073267751,0.02639055038584461,0.007150854291196292
A,P2,MAX,1,2920,0.014558106248356396,0.00849787553111722,0.016625153814395673,0.012491058682317117,1.6928545331869744e-05
A,P2,MAX,5,2920,0.0032431596724908666,0.6763309172706823,0.00717248726220077,-0.0006861679172190393,-0.0008926320726625175
A,P2,MAX,21,2920,-0.01336958005231543,0.10172456885778555,-0.008431040183943321,-0.01830811992068754,-0.005664907989854878
B,P1,O20,1,1721,-0.005186916710076777,0.2554361409647588,-0.012230439155003728,0.0018566057348501752,0.0002753874071125934
B,P1,O20,5,1717,-0.002717772627426421,0.7888027993001749,-0.016441356610821353,0.010989835123158972,0.0011048590247080988
B,P1,O20,21,1701,0.0008537454545156712,0.9667583104223944,-0.016701043932087115,0.018387906416457336,0.004381429556373344
B,P1,G5,1,1721,0.003697840407524685,0.3519120219945014,0.005381284074713771,0.0020143967403355996,-0.00012891836545762147
B,P1,G5,5,1717,0.007912053572598943,0.3269182704323919,0.008981580842501854,0.006843771386828633,0.0002685442514820603
B,P1,G5,21,1701,-0.004006909599447626,0.7430642339415147,0.008791445198090959,-0.016790225202159496,0.0005657948652981516
B,P1,I5,1,1721,0.012714320111275748,0.000999750062484379,0.011916317718726132,0.013512322503825369,0.000806831638335861
B,P1,I5,5,1717,0.017555186408476555,0.018745313671582105,0.020511649576727273,0.014602164990130673,0.0019848652283171713
B,P1,I5,21,1701,-0.005373694542358249,0.5928517870532367,-0.019795193935522752,0.009030858318029326,0.0024475865913700244
B,P1,MAX,1,1721,0.0009202073377574724,0.8222944263934017,0.005824409764532997,-0.003983995089018053,-0.0003864646747088155
B,P1,MAX,5,1717,-0.007622791548025942,0.5841039740064984,0.003326289423802703,-0.01855912620906084,-0.0012737391687245832
B,P1,MAX,21,1701,-0.028055284903763654,0.2781804548862784,-0.021524180535540293,-0.03457871464875761,-0.0077714646292526
B,P2,O20,1,2921,-0.003169497698914345,0.2599350162459385,-0.004708466313383757,-0.0016315824510530555,2.1506010716322348e-05
B,P2,O20,5,2921,0.0016300994546768273,0.7918020494876281,0.006353124817727109,-0.003089693173696486,0.00020428266063924458
B,P2,O20,21,2921,-0.0033828635863319247,0.7558110472381905,0.007664357681299479,-0.014422523443102526,-0.00098944410570005
B,P2,G5,1,2936,0.0028493285731629693,0.3051737065733567,0.007864471082565596,-0.0021658139362396582,-4.581604933682182e-05
B,P2,G5,5,2936,-0.00854820719184379,0.09122719320169957,-0.011055832212070975,-0.006040582171616602,-0.0005770265429048016
B,P2,G5,21,2936,-0.004800027143913917,0.4816295926018495,-0.008133360623815021,-0.0014666936640128129,0.001996712350752028
B,P2,I5,1,2937,0.024003651933361587,0.00024993751562109475,0.03372832722310354,0.014285596572339673,0.0007736488804002488
B,P2,I5,5,2937,0.029539094862816195,0.00024993751562109475,0.05300308879991077,0.00609107369218663,0.0024333638500682576
B,P2,I5,21,2937,0.018456503193585355,0.001999500124968758,0.025299408802876403,0.011618255790971843,0.005133183959214257
B,P2,MAX,1,2920,0.01377561192289029,0.00024993751562109475,0.019823307121787676,0.007727916723992906,0.00017159034168601951
B,P2,MAX,5,2920,0.010593234821202885,0.2644338915271182,0.01368365500800922,0.007502814634396552,0.0007860714342087293
B,P2,MAX,21,2920,0.014696872337327162,0.3874031492126968,0.012908527488739122,0.0164852171859152,0.0014983259922738549
