universe,period,signal,h,days,ic,p,p_nw,t_nw,null_z0,ic_h1,ic_h2,top5_excess,registered
A,P1,OI1,1,1720,0.002693822690414706,0.4476380904773807,0.47356561708351735,0.7166896442996223,-0.01533711659064454,0.005651642973049781,-0.0002639975922203702,9.918124658935423e-05,True
A,P1,OI1,5,1717,0.008777752725354518,0.1842039490127468,0.21718032205382867,1.2340606044458307,0.0016539109247671524,0.019450422841691947,-0.0018824928623259447,0.0002131263372733899,True
A,P1,OI1,10,1712,0.007621296194882645,0.28667833041739565,0.3489925771192358,0.936545150794416,-0.04520345718945154,0.007300724749373389,0.007941867640391901,0.0009846512260019023,True
A,P1,OI1,21,1701,0.01461338263404173,0.07073231692076981,0.09877395953272794,1.650826734250113,-0.008437182320268759,0.007365527988257958,0.02185272041185161,0.0009279961881362195,True
A,P1,OI2,1,1720,-0.002033684539639987,0.6130967258185454,0.615351548411102,-0.5024492419215525,0.15372246337247472,-0.005747917985104351,0.0016762300297249986,-1.724969375567326e-05,True
A,P1,OI2,5,1717,-0.003209259237053431,0.6183454136465883,0.6292811488524658,-0.48273888613294563,0.14354540342040092,-0.00988845705368575,0.003469938579578889,0.00032610028676138966,True
A,P1,OI2,10,1712,0.005693237262224229,0.4656335916020995,0.45402134302603814,0.7487277025645622,0.19517566914758142,-0.0011129726107545067,0.012491495955444814,0.0014058878750869744,True
A,P1,OI2,21,1701,0.000346515773441394,0.9715071232191952,0.9645128118076106,0.04449126850845077,0.2867460638186866,-0.008575721185803934,0.009268752732686724,0.0007018929277179217,True
A,P1,OI2X,1,1720,0.007192538955558947,0.07548112971757061,0.0504719640284798,1.9559421945037214,0.10397576214453835,0.009200337430262676,0.005184740480855219,-3.1005395883271144e-05,False
A,P1,OI2X,5,1717,0.011358029635566275,0.04148962759310172,0.04856820278278742,1.9723628219462455,0.07052014421510448,0.00835509139637761,0.014357472021158679,6.159836978997382e-05,False
A,P1,OI2X,10,1712,0.007085877556148504,0.27843039240189954,0.2714444992243909,1.0997421155116482,0.13338122818940645,0.0002265807703105901,0.013945174341986418,0.0002549696140798987,False
A,P1,OI2X,21,1701,-0.0025591342167922086,0.69407648087978,0.6798431044261872,-0.41267723708186876,0.2125957683389296,-0.008514874385661269,0.0033896074324894607,-0.0016131024642112677,False
A,P1,PC1,1,1721,-0.004044350578643535,0.3526618345413647,0.29460167814693405,-1.0480801560471649,-0.47729777941649765,-0.007474471086090527,-0.0006182139509961348,-0.00033642831952973616,True
A,P1,PC1,5,1718,-0.012814535453679386,0.16270932266933266,0.10001756285884426,-1.6447684884432154,-0.3773988930467681,-0.00959868806611363,-0.016030382841245135,-0.0007526498243397613,True
A,P1,PC1,10,1713,-0.013721346368552146,0.25343664083979006,0.2031487836050982,-1.2726316456459779,-0.4093856231399779,-0.011880579108368317,-0.015559965708945795,-0.000964249361264111,True
A,P1,PC1,21,1702,-0.017091554213181575,0.24943764058985254,0.18529129213798828,-1.3246378608467875,-0.39722313762397893,-0.017778356425785374,-0.01640475200057778,-0.0012236625879221974,True
A,P1,PC2,1,1720,-0.001562549519058127,0.7133216695826043,0.7079462240303245,-0.37461579550405644,-0.015823419235019204,-0.006895618180508278,0.003770519142392023,2.9387648894379945e-05,True
A,P1,PC2,5,1717,-0.006176388053591224,0.37115721069732566,0.37171241939521044,-0.8932703364467387,-0.011879155064446343,-0.00031532542468328873,-0.012030627559531866,-0.0007014232253218282,True
A,P1,PC2,10,1712,-0.0040318695737638546,0.5748562859285179,0.5731013263942886,-0.5634899136753265,-0.03603002001698004,0.0006582507171732692,-0.008721989864700977,-0.0005199769490346534,True
A,P1,PC2,21,1701,-0.011453113228510066,0.07448137965508622,0.07392757170159697,-1.7870613605958823,-0.08948008456508935,-0.008778972386280481,-0.014124111719573692,-0.00031583420941346164,True
A,P1,OI1E,1,1596,0.003074063444003385,0.3836540864783804,0.4297314497077106,0.7896512830579503,-0.0665851261458592,0.008188144690740019,-0.00204001780273325,0.00011885667420442927,False
A,P1,OI1E,5,1593,0.00889627048971954,0.18245438640339914,0.23135784814805313,1.1968684115610901,-0.04560753431867833,0.021166737905562782,-0.0033588011075341893,0.00024677690385517764,False
A,P1,OI1E,10,1588,0.006362657162759943,0.4136465883529118,0.450746531652886,0.7541710283732914,-0.02356330467147901,0.006873867776354365,0.005851446549165523,0.000862119490457551,False
A,P1,OI1E,21,1577,0.012762237746271521,0.13046738315421144,0.15456561212873562,1.423588550542972,-0.02825882992836778,0.007363390741395767,0.01815424210602069,0.0006695065017118951,False
A,P1,OI2E,1,1596,-0.0022118270434747754,0.601599600099975,0.6152507395866265,-0.502592590730725,0.10642826861677562,-0.005393835372495777,0.0009701812855462243,-4.808926111174713e-05,False
A,P1,OI2E,5,1593,-0.003811577919332501,0.604348912771807,0.585560566272228,-0.5452805686255208,0.16332878403358406,-0.012726768346735737,0.005092426572779139,0.0003107933581199395,False
A,P1,OI2E,10,1588,0.005205305277458276,0.5271182204448888,0.5162883408103431,0.6490774124437548,0.18253839675968864,-0.003757399810282507,0.014168010365199058,0.00144420482788611,False
A,P1,OI2E,21,1577,0.00014910345603844001,0.9905023744063984,0.9856613379633296,0.017971815235093138,0.2399981410417458,-0.008920206475633559,0.009206918698316682,0.0008108949099794353,False
A,P1,PC2E,1,1596,-0.002008339316682373,0.6508372906773306,0.6484427087665098,-0.45592667235849,-0.004810201419856789,-0.005789700902085539,0.001773022268720793,3.45354910667777e-05,False
A,P1,PC2E,5,1593,-0.004920876301226564,0.4943764058985254,0.5011416555772893,-0.6726945185265579,-0.05439292438078072,0.0037053465511373614,-0.013536275787401823,-0.0007258888311759652,False
A,P1,PC2E,10,1588,-0.0007170760842766867,0.9095226193451638,0.921731548358817,-0.09825281076550407,-0.05427564739506682,0.0034509683862323347,-0.00488512055478571,-0.0003210373192987149,False
A,P1,PC2E,21,1577,-0.004852756594475064,0.49612596850787305,0.4930070789713392,-0.6855338958249516,-0.060154237115961226,-0.0011451005949471552,-0.00855571341022664,0.00032302560997861927,False
A,P2,OI1,1,859,0.0016096911604609205,0.7505623594101475,0.7437661104606172,0.3268701346813138,0.11638317329877426,-0.009373362115855694,0.012567202452414007,0.0005282681046351386,True
A,P2,OI1,5,859,0.00115446734226485,0.8977755561109723,0.9041464061355603,0.12042510382048201,0.08805837398961962,-0.012182629889508507,0.014460548068848035,-0.00017019413603305172,True
A,P2,OI1,10,859,0.0012127514420728527,0.9080229942514372,0.9199902908080879,0.10044595071375376,0.08384549222321909,-0.012474798591415051,0.014868469963854969,6.274767039161375e-05,True
A,P2,OI1,21,859,-0.0066088456321956235,0.5556110972256936,0.5511759209084183,-0.5959989608643957,0.19412710275902023,-0.021515629340550547,0.00826327113730266,0.001399843557520007,True
A,P2,OI2,1,859,-0.0032320400930358107,0.535616095976006,0.5505202613466116,-0.5969807073691132,0.15662758811612465,-0.008374695243607535,0.001910615057535914,0.0001555080120455948,True
A,P2,OI2,5,859,0.006352945729267629,0.4838790302424394,0.44712686107046334,0.7602136934945204,0.11153100449392302,-0.002437071953011849,0.015142963411547106,-3.974152337196884e-05,True
A,P2,OI2,10,859,-0.007631440048292337,0.45688577855536117,0.43037910032920174,-0.7885430968109751,0.09639103944535349,-0.006321261106829001,-0.008941618989755672,-0.0012484086330476157,True
A,P2,OI2,21,859,-0.007723578939834761,0.5203699075231192,0.47485684396227895,-0.7145990305446509,0.20215133173190333,-0.01087313334466567,-0.004574024535003855,-0.0018028125208629097,True
A,P2,OI2X,1,859,-0.00022575512510288016,0.9557610597350662,0.9625451004768523,-0.04696000907724877,0.13178626772804541,-0.0021973729879144546,0.0017412775798882018,-6.917976194667166e-05,False
A,P2,OI2X,5,859,0.012520803429015697,0.07948012996750813,0.06995432115815353,1.8122063313021761,0.11734038410858005,0.016476601591293678,0.008574204797347666,0.0005699092799164749,False
A,P2,OI2X,10,859,0.007634863498871865,0.3886528367908023,0.3421581381235113,0.9499096990693592,0.1292524731904505,0.016618880133522515,-0.0013282600738377369,0.000538303235516345,False
A,P2,OI2X,21,859,0.007591036672992325,0.45413646588352913,0.34538834442978605,0.9435721208663209,0.2262701157628254,0.009929080887362761,0.005258429770748334,0.0010544140685747338,False
A,P2,PC1,1,918,-0.0036450515496199523,0.4496375906023494,0.504176340018855,-0.6679330335093753,-0.3798529138444883,0.0010399028943320207,-0.008330005993571926,-4.584815573204084e-05,True
A,P2,PC1,5,918,-0.014499262681784126,0.14896275931017244,0.14997966423790687,-1.4396033043349228,-0.2556509663175093,-0.006092961797071645,-0.022905563566496607,-0.0010939657800256388,True
A,P2,PC1,10,918,-0.013748625980605772,0.27293176705823546,0.2978857835315867,-1.0409779466929563,-0.19130314697555725,-0.014322043729232884,-0.013175208231978656,-0.0022379319556484244,True
A,P2,PC1,21,918,-0.018746414415279362,0.22494376405898525,0.21881463374431037,-1.2296862072987014,-0.26192910356465454,-0.02408752377123163,-0.013405305059327091,-0.00575414658979737,True
A,P2,PC2,1,913,0.007641203159440699,0.10147463134216446,0.16871935399574284,1.3763304362441633,-0.08356913127253686,0.02029794147298575,-0.004987839884271651,0.00035606026856638783,True
A,P2,PC2,5,913,-0.005076316381865245,0.5451137215696076,0.5498059490896645,-0.5980509323439545,-0.08000701921632386,0.018269450228592533,-0.02837099816385375,-0.00010740049372377384,True
A,P2,PC2,10,913,-0.0015608479133303952,0.8530367408147963,0.8550321386967128,-0.18270162749891186,-0.07806932527582239,0.005937224745298854,-0.009042513410781024,-0.0004025599417126695,True
A,P2,PC2,21,913,0.0031707871810374554,0.6925768557860534,0.715815165995169,0.36405737456394505,-0.09073673874424938,0.020127842434872364,-0.013749162919069148,-0.0005183505902830416,True
A,P2,OI1E,1,654,0.004348876762799287,0.4898775306173457,0.46317510446497445,0.7336286340647277,0.03336691970583716,-0.0046281813133072286,0.0133259348389058,0.0006185033832955123,False
A,P2,OI1E,5,654,-0.0004041570740590972,0.9672581854536366,0.9716539225782822,-0.0355340160880703,-0.029645816503535427,-0.017910378497828037,0.01710206434970984,3.0419732053670627e-05,False
A,P2,OI1E,10,654,-0.0012009014177574767,0.9177705573606598,0.9336529939056106,-0.08324970134258125,-0.051785921753803414,-0.021178732539143198,0.018776929703628244,0.00016119422699201685,False
A,P2,OI1E,21,654,-0.01611899437329078,0.19120219945013747,0.21682212052504546,-1.2350225266018755,-0.0369122606370579,-0.03879032685254624,0.006552338105964679,-8.317006792213077e-05,False
A,P2,OI2E,1,654,-0.010292442824797956,0.08422894276430892,0.09343449810976971,-1.6775524703386118,0.16204193235101597,-0.02004091858593546,-0.0005439670636604525,-2.275161633532922e-05,False
A,P2,OI2E,5,654,0.008116074741513836,0.43289177705573606,0.34272203298577714,0.9488006072476031,0.16756553996231147,-0.005222339678124387,0.021454489161152057,6.535990918172979e-05,False
A,P2,OI2E,10,654,-0.004189025615618455,0.6925768557860534,0.6750482628794174,-0.41922970748882754,0.10850284551288114,-0.005735741294016722,-0.0026423099372201862,-0.0009744151100522142,False
A,P2,OI2E,21,654,-0.00536389331847903,0.6995751062234441,0.6188734864445169,-0.49744754245657963,0.21070521068370723,-0.009263476772081329,-0.001464309864876735,-0.002583835564319423,False
A,P2,PC2E,1,698,0.011658307030990257,0.04573856535866033,0.05266406017197204,1.937665380836976,-0.18484839940142841,0.025253360502359698,-0.001936746440379174,0.0005411924653029207,False
A,P2,PC2E,5,698,1.9302434352287118e-05,0.9970007498125468,0.9983605049290832,0.0020548037964099805,-0.18237584432941528,0.020450525584333582,-0.02041192071562901,0.0004033737726298009,False
A,P2,PC2E,10,698,-0.001286522334574689,0.8952761809547614,0.8892591760264636,-0.13924167668689588,-0.22576115940918529,0.004658587721485814,-0.007231632390635189,0.00013608058329990557,False
A,P2,PC2E,21,698,-0.0008016552362636279,0.9437640589852537,0.9379845422701382,-0.07780327374937421,-0.30581301177759884,0.015097363891603066,-0.016700674364130322,-0.0008740667878588555,False
B,P1,OI1,1,1720,-0.000505828810552001,0.8777805548612847,0.8872282653971604,-0.14181230363635075,0.0025335851394701044,-0.0024946351043011778,0.0014806649177393299,0.00012040559664050588,True
B,P1,OI1,5,1717,0.005016396001668743,0.3849037740564859,0.38067335171970135,0.8766562958374857,0.04789209813543305,0.015314914521483338,-0.005270133555957477,0.0013474938877547095,True
B,P1,OI1,10,1712,0.00938105941759058,0.17295676080979755,0.11668265870821909,1.5688510125615032,0.022799594055885834,0.02028415688776008,-0.0015220380525789192,0.0014808369227632125,True
B,P1,OI1,21,1701,0.00698305290113599,0.24318920269932517,0.26980804292687266,1.1035047200490573,0.009800451387918472,0.008042001557361938,0.005925348602907958,0.003240908632249666,True
B,P1,OI2,1,1720,-0.0037091712034725472,0.29967508122969255,0.310370727447355,-1.0144444413834282,0.10573215116402443,-0.005868476076237612,-0.0015523771503269765,7.698909635354528e-05,True
B,P1,OI2,5,1717,-0.0072144877617419945,0.23469132716820795,0.2004478238358379,-1.2802767436255929,0.13293864271757375,-0.01320195689621912,-0.0012339889056519186,0.00035088389576204366,True
B,P1,OI2,10,1712,0.0025657177450892988,0.7013246688327918,0.6903921991364107,0.39832287719098125,0.14183807981120375,0.0049210317365433204,0.00021040375363527694,0.0018856521526081284,True
B,P1,OI2,21,1701,0.008654118643001543,0.29067733066733314,0.24783985308115056,1.1556121082962423,0.2283050605136432,0.014003852550034755,0.0033106711447897607,0.003941714713625351,True
B,P1,OI2X,1,1720,0.0016615136281942949,0.6273431642089478,0.6331593509095236,0.4772847750897396,0.13851016325232085,-0.0033858690213670246,0.006703027228163102,0.00021019321018213795,False
B,P1,OI2X,5,1717,-0.0009899678128820438,0.8430392401899525,0.8435217274890625,-0.19739080133054634,0.1919864094398312,-0.004561769393705922,0.002577675675298269,0.000811227169116866,False
B,P1,OI2X,10,1712,5.237238114214553e-05,0.9927518120469883,0.992598679106577,0.00927631314658734,0.2407172987284812,0.0007877525885989046,-0.0006830078263146135,0.0018405854504061562,False
B,P1,OI2X,21,1701,0.0030270395403906776,0.72831792051987,0.6547004493485666,0.4472418476432337,0.3521861541455332,0.0019081826000123983,0.004144581725257348,0.004579804248986277,False
B,P1,PC1,1,1721,-0.0011863360055191362,0.7368157960509872,0.7573862793719388,-0.30891487746571256,-0.3209808842349043,0.0005846048120084939,-0.002957276823046767,2.5346758754585347e-05,True
B,P1,PC1,5,1718,-0.008325049104221464,0.3216695826043489,0.25927117932327687,-1.1281154162029519,-0.9461856951090706,0.0010450825795654442,-0.017695180788008375,-0.0002850110355173015,True
B,P1,PC1,10,1713,-0.019360470441742307,0.05773556610847288,0.042300903390078144,-2.0305476441973913,-0.8197337638576474,-0.0103926382576269,-0.028317838410940425,-0.0009965046105286472,True
B,P1,PC1,21,1702,-0.026999957345844025,0.052486878280429895,0.02838459867544638,-2.191929485023265,-0.8470266870948898,-0.020439613769942296,-0.033560300921745764,-0.0011136388042582428,True
B,P1,PC2,1,1720,0.005300047480888365,0.12596850787303174,0.13681807858704623,1.4877452906253084,-0.0036151281042872156,0.0020162970389140003,0.008579979608395318,0.00018661459529203885,True
B,P1,PC2,5,1717,0.011654245288241015,0.04048987753061734,0.05145907474837676,1.947631475527408,0.06155674381674737,0.01511829493239986,0.008194228297917047,0.00045896328662818224,True
B,P1,PC2,10,1712,-0.0006571423811897615,0.9185203699075232,0.9105184749916236,-0.11238458788684863,0.07183446389068371,0.0010866527498137957,-0.0024009375121933187,-0.00043482758850585493,True
B,P1,PC2,21,1701,-0.005102019553452155,0.31542114471382154,0.27904799500024213,-1.0824604165074032,0.11014639866644271,-0.010041476770857743,-0.00016836663359933682,-0.000979867091084259,True
B,P1,OI1E,1,1596,-0.0005778104524005018,0.8555361159710072,0.8721212012471479,-0.16096470268702945,0.03254452824788157,-0.0010813429185341774,-7.490897933215723e-05,-1.5374438399869604e-05,False
B,P1,OI1E,5,1593,0.0060948709998924705,0.30042489377655585,0.30127102817847656,1.033711557976002,0.06384461762882525,0.018082326607916945,-0.005877543885913654,0.001100098845519882,False
B,P1,OI1E,10,1588,0.009855188374254769,0.15821044738815296,0.10331367703497028,1.6289968913523887,0.06534214120480815,0.020993483235379053,-0.0012831064868695174,0.0011960564349550046,False
B,P1,OI1E,21,1577,0.007896719701307193,0.25268682829292677,0.22451022810961174,1.2146221728994595,0.11596752624315375,0.010178133642071137,0.005618197286450426,0.003129214011908255,False
B,P1,OI2E,1,1596,-0.003848377836289149,0.2864283929017746,0.3071130421756629,-1.0212984888281262,0.09258083741201398,-0.007257248114335032,-0.00044377932550898727,1.416701079592301e-05,False
B,P1,OI2E,5,1593,-0.007682751524112859,0.2086978255436141,0.18919509947231455,-1.312963939854387,0.09685576993234307,-0.016167567548419207,0.000791418557879426,0.00036363748998173703,False
B,P1,OI2E,10,1588,0.0012927531152303647,0.846788302924269,0.8491397730393916,0.19021612862245812,0.18968591795606876,0.003642021064803766,-0.0010565148343430343,0.001994888267275688,False
B,P1,OI2E,21,1577,0.007921096116585454,0.3506623344163959,0.32026369231761104,0.9939161475209731,0.22331743210906652,0.01344016237466367,0.002409024872776032,0.0037678474209183496,False
B,P1,PC2E,1,1596,0.006370972484303765,0.07148212946763309,0.07819708650052397,1.7612441612210874,0.03263277584743818,0.003756432186919207,0.008982236415400873,0.00019066141520061554,False
B,P1,PC2E,5,1593,0.013788509966332982,0.019745063734066485,0.023891741866942613,2.2588656728109076,0.0962639339147521,0.017233200297770927,0.010348141705574385,0.000494880655616746,False
B,P1,PC2E,10,1588,-0.0008082668882834936,0.8947763059235191,0.8931388310539263,-0.13433354183767238,0.15307356838400799,-0.000405832993075889,-0.0012107007834910987,-0.0005194523851095651,False
B,P1,PC2E,21,1577,-0.00454093032280184,0.36065983504123966,0.3796281435961261,-0.8785816596628943,0.21318946462677102,-0.012241045034300983,0.0031494250544621995,-0.0012943435247194611,False
B,P2,OI1,1,859,-0.004871059056446205,0.26343414146463384,0.31048243782187196,-1.014210251813386,-0.045308701679693135,-0.013064624408960944,0.003303451492923152,-3.999172756478236e-05,True
B,P2,OI1,5,859,-0.002942772918183605,0.6955761059735066,0.7214214469212908,-0.35655970628412254,-0.10425323524737695,-0.018648013261277355,0.012725943610158766,0.0006704342535048019,True
B,P2,OI1,10,859,-0.01014525535652481,0.24768807798050488,0.2888577500861643,-1.0606307328996998,-0.09562862709002815,-0.031885871537846576,0.011544801252282251,0.0011088139630376383,True
B,P2,OI1,21,859,0.00015699959705403748,0.9942514371407148,0.9881958462890421,0.014794852442370264,-0.12606397607990166,-0.012296182499130313,0.01258122080464261,0.004532391397212418,True
B,P2,OI2,1,859,-0.007590825363285389,0.13596600849787552,0.12632240720295873,-1.5287662287888908,0.1110290138527404,-0.013290737788365349,-0.0018909129382054283,-0.00026288120745691213,True
B,P2,OI2,5,859,0.005429008559779519,0.5193701574606349,0.5121731152827461,0.6554576954005614,0.24889954920213467,-0.0006468371562118433,0.011504854275770882,2.413247332210123e-05,True
B,P2,OI2,10,859,-0.005801704432600302,0.551362159460135,0.5049569568929699,-0.6667106779187433,0.22114024041043934,-0.01191735268204366,0.0003139438168430522,-0.0004945432667201288,True
B,P2,OI2,21,859,0.0009692276361977292,0.9282679330167458,0.9122995280417603,0.11013850913937102,0.3050585263483604,-0.008228260654858339,0.010166715927253796,0.0016302588771842322,True
B,P2,OI2X,1,859,-0.0016457836155097188,0.6748312921769558,0.7093416719705438,-0.3727403905620663,0.00944165354972933,-0.0033691157925484745,7.354081228010955e-05,-2.5295893128593757e-05,False
B,P2,OI2X,5,859,0.011471656600219562,0.12471882029492627,0.09448782520768681,1.672185112636779,0.08489988864853114,0.0087205737559097,0.014216341577449634,0.0011188808100518646,False
B,P2,OI2X,10,859,-0.005273426651279684,0.48187953011747064,0.4902164896284806,-0.6899645360025004,0.10156278113942205,-0.012710657384668615,0.0021465081966827583,0.0011683769918721051,False
B,P2,OI2X,21,859,0.006077878372847694,0.4358910272431892,0.4209618145501836,0.8047537172230752,0.14494750044964447,-0.010522948413499923,0.022640098585273574,0.0042055433350501195,False
B,P2,PC1,1,918,-0.004576510375806839,0.2989252686828293,0.30869833774474714,-1.0179571130583598,0.1963722618813846,0.00039646722637887085,-0.009549487977992549,-0.00023534804495215633,True
B,P2,PC1,5,918,-0.006090299060765188,0.5156210947263185,0.49164362901377057,-0.6876969691647977,0.5002045654073703,-0.003911169543997857,-0.008269428577532519,-0.0013014515374903462,True
B,P2,PC1,10,918,-0.0023627008872521317,0.8300424893776556,0.8464775859300556,-0.19361470144680729,0.42652709567289204,-0.014286404608666842,0.00956100283416258,-0.0025499634927177023,True
B,P2,PC1,21,918,0.015703315947013553,0.36665833541614595,0.2916153289209402,1.0545846461439858,0.5115569191238934,0.0006039184349426934,0.030802713459084422,-0.0024265587424435737,True
B,P2,PC2,1,913,-0.007197676135824364,0.09722569357660585,0.12901829656774957,-1.5179845380792147,-0.1620319623283503,0.003390263153624651,-0.01776244706796605,-0.00016945682267856466,True
B,P2,PC2,5,913,-0.013451006995214355,0.08147963009247688,0.09685183261243632,-1.6603113548431925,-0.253468846835407,0.0016271191444162572,-0.028496139423379693,-0.0008172838844417102,True
B,P2,PC2,10,913,-0.010765625607765445,0.1759560109972507,0.16919856943512077,-1.3747835179590382,-0.3206594580887737,-0.00965031574079948,-0.011878494971740237,-0.0002938690399746399,True
B,P2,PC2,21,913,-0.007575605882082205,0.3374156460884779,0.3642132174296046,-0.907366123877592,-0.43312590447011906,-0.01175452615119824,-0.003405829858631631,-0.0006923193671691621,True
B,P2,OI1E,1,654,-0.008478839566463664,0.1334666333416646,0.12895332555729672,-1.518242307820008,-0.043891333750687135,-0.01251339002035148,-0.004444289112575846,-0.000211842436298561,False
B,P2,OI1E,5,654,-0.0010572883832984463,0.91552111972007,0.8993007179971352,-0.126544763086964,-0.050896869795578684,-0.004560719931362718,0.0024461431647658286,0.0004546361761866146,False
B,P2,OI1E,10,654,-0.010300744691315478,0.3361659585103724,0.3096076278296891,-1.0160456935498043,-0.04065756567416798,-0.025392997376670667,0.004791507994039707,0.0002925363461666284,False
B,P2,OI1E,21,654,0.002637105159818679,0.844288927768058,0.8061313626623604,0.24541984762466557,-0.0562577370802985,-0.012304263387137625,0.01757847370677498,0.003550547702392927,False
B,P2,OI2E,1,654,-0.007053267068796257,0.23019245188702825,0.2193821499882501,-1.2281726855945334,0.10562893567279465,-0.008293463038393147,-0.005813071099199368,-0.00035008630991139304,False
B,P2,OI2E,5,654,0.00838415251878534,0.41014746313421646,0.3333099844560349,0.9674682927719898,0.1971138727094665,0.008863086892428715,0.007905218145141968,-2.9416527595866925e-05,False
B,P2,OI2E,10,654,-0.001894973406215007,0.8650337415646089,0.8358135980807675,-0.20725130926550178,0.19853145217707155,-0.00033687610818765003,-0.003453070704242362,-0.0011383210696780507,False
B,P2,OI2E,21,654,0.0015389002252778252,0.9035241189702574,0.8564640310641928,0.18087711636745463,0.2870061156599667,-0.005014775421579432,0.008092575872135084,-0.0003344656622422219,False
B,P2,PC2E,1,698,-0.005999376794466562,0.2711822044488878,0.25926436755932175,-1.1281315477009604,-0.3309947558527282,0.007251049053365556,-0.019249802642298672,0.00010306331135553775,False
B,P2,PC2E,5,698,-0.01521895360930866,0.11122219445138715,0.10346888599512208,-1.6282641576428742,-0.46623011376512563,0.0024813958117876895,-0.03291930303040501,-0.00046265350467686214,False
B,P2,PC2E,10,698,-0.010312252473333046,0.2644338915271182,0.2763596604541448,-1.0885334897078667,-0.5161659063390377,-0.003025906093832387,-0.017598598852833703,-0.0002586888569657113,False
B,P2,PC2E,21,698,-0.006958998829134615,0.5321169707573107,0.518166139441326,-0.6461748280741918,-0.5930844301897101,-0.00456153067784024,-0.009356466980428989,-0.0001784370243935969,False
