regime,series,h,n,after,base,diff,p
A,Agric,3,13,0.02122523300946151,-0.0014237996806894494,0.02264903269015096,0.3450827458627069
A,Agric,6,12,0.024626081493381843,-0.0024303847387030274,0.02705646623208487,0.4375781210939453
A,Agric,12,12,0.006763475773964006,-0.004865188006996079,0.011628663780960086,0.8203589820508974
A,Food,3,13,0.011736238442307666,-0.0016455529559475958,0.013381791398255261,0.40222988850557473
A,Food,6,12,0.021815334254895558,-0.0026640224979484948,0.02447935675284405,0.3096345182740863
A,Food,12,12,0.020188678299888952,-0.003323175938454897,0.02351185423834385,0.5184740762961851
A,Soda,3,12,-0.03846087123483325,0.005241376889078185,-0.043702248123911436,0.08059597020148992
A,Soda,6,11,-0.08989254146317692,0.010383190368715432,-0.10027573183189235,0.004899755012249388
A,Soda,12,11,-0.14079500062361266,0.02037072143742724,-0.1611657220610399,0.0014999250037498126
A,Beer,3,13,0.006173426131846159,-0.0003682308837576168,0.006541657015603776,0.7141642917854107
A,Beer,6,12,0.03383770460757648,0.0001430500725696135,0.03369465453500686,0.18609069546522675
A,Beer,12,12,0.03635818085953632,0.0021582682295464054,0.03419991262998991,0.3617319134043298
A,Smoke,3,13,0.052849894894846226,0.00859740734703886,0.04425248754780736,0.10184490775461227
A,Smoke,6,12,0.030193120348791642,0.018544426651789743,0.011648693697001899,0.7707114644267786
A,Smoke,12,12,0.09220690929341264,0.03933967402192765,0.05286723527148499,0.3846307684615769
A,Toys,3,13,-0.03326924021238459,-0.002699362517832118,-0.03056987769455247,0.23948802559872007
A,Toys,6,12,-0.051261303466914376,-0.003488444741051471,-0.047772858725862906,0.24668766561671918
A,Toys,12,12,-0.12926197412004947,-0.0015520012269510716,-0.1277099728930984,0.044947752612369385
A,Fun,3,13,-0.02288064627023084,0.007125017887664112,-0.030005664157894952,0.2415379231038448
A,Fun,6,12,-0.009300634059273491,0.01593990452081442,-0.02524053858008791,0.5140742962851858
A,Fun,12,12,-0.02570505114336888,0.03428652225630281,-0.05999157339967169,0.25698715064246785
A,Books,3,13,-0.02430575631992315,-0.0016089758932844552,-0.022696780426638693,0.199990000499975
A,Books,6,12,-0.02146475319530122,-0.0023013689104583014,-0.01916338428484292,0.46672666366681664
A,Books,12,12,-0.10218527042516556,-0.003231275361802297,-0.09895399506336326,0.00999950002499875
A,Hshld,3,13,-0.007933613006153755,-0.0015781160063525325,-0.006355496999801223,0.6689665516724164
A,Hshld,6,12,-0.03140844411896389,-0.002678710182506112,-0.028729733936457776,0.1801409929503525
A,Hshld,12,12,-0.047588890998276394,-0.004625885288283171,-0.04296300570999322,0.16769161541922903
A,Clths,3,13,-0.03056730127884609,-0.0019991275418530744,-0.028568173736993017,0.15319234038298085
A,Clths,6,12,-0.003959231656453483,-0.003442311181084162,-0.0005169204753693213,0.9850507474626269
A,Clths,12,12,-0.012778467327455585,-0.004766433567861146,-0.00801203375959444,0.8499075046247687
A,Hlth,3,12,-0.013130199497083305,0.0012281148598623872,-0.014358314356945692,0.6429678516074196
A,Hlth,6,11,0.014666285344239293,0.003541084323938879,0.011125201020300414,0.8155092245387731
A,Hlth,12,11,0.027996677033245706,0.012401166186751068,0.015595510846494638,0.8273086345682716
A,MedEq,3,13,0.0029337216479999617,0.0035563728139653395,-0.0006226511659653778,0.9728013599320035
A,MedEq,6,12,0.014933696019331005,0.008129586482011076,0.006804109537319929,0.7967101644917755
A,MedEq,12,12,0.036376386787153,0.020492015197995133,0.015884371589157866,0.6934653267336633
A,Drugs,3,13,0.012436219441000011,0.003712343267307432,0.00872387617369258,0.6047197640117994
A,Drugs,6,12,0.015092229346351243,0.007765640451610502,0.007326588894740741,0.7616619169041547
A,Drugs,12,12,0.026066962588767787,0.01666848971645225,0.009398472872315537,0.791710414479276
A,Chems,3,13,0.018192778029846125,-0.0015619779906653054,0.01975475602051143,0.1664916754162292
A,Chems,6,12,0.025263601133238167,-0.0028289577661008113,0.02809255889933898,0.16799160041997901
A,Chems,12,12,-0.014110135600567827,-0.005837851451576836,-0.008272284148990991,0.7742612869356532
A,Rubbr,3,13,0.006360385123307829,0.0029257680701050073,0.0034346170532028215,0.8460576971151442
A,Rubbr,6,12,-0.022879045427473866,0.005990351169063465,-0.028869396596537332,0.279986000699965
A,Rubbr,12,12,-0.05538407960098657,0.011486288654990033,-0.0668703682559766,0.052047397630118494
A,Txtls,3,13,0.03564796300715385,-0.0028857199260167938,0.038533682933170645,0.11219439028048597
A,Txtls,6,12,-0.0008380953046517869,-0.005400567730523022,0.004562472425871235,0.8939053047347633
A,Txtls,12,12,-0.08702907375686952,-0.00900048276154816,-0.07802859099532136,0.12444377781110945
A,BldMt,3,13,0.007872884969461641,0.0018567823743400372,0.006016102595121604,0.6682165891705415
A,BldMt,6,12,-0.005007551898764776,0.003901529379612001,-0.008909081278376777,0.6649667516624169
A,BldMt,12,12,-0.005598259163819255,0.008049996964937755,-0.01364825612875701,0.6066696665166742
A,Cnstr,3,13,0.028322100647538626,0.005006911720877376,0.02331518892666125,0.3207339633018349
A,Cnstr,6,12,0.03750925367875715,0.010971132727389036,0.02653812095136811,0.455977201139943
A,Cnstr,12,12,0.07354284720572662,0.022085652715161046,0.05145719449056558,0.3029848507574621
A,Steel,3,13,0.030644018438153828,-0.0014589190778562715,0.0321029375160101,0.15894205289735513
A,Steel,6,12,0.05868705186729353,-0.0023231485535370995,0.061010200420830635,0.07669616519174041
A,Steel,12,12,0.051275189106441604,-0.004723288720321707,0.05599847782676331,0.2673866306684666
A,FabPr,3,12,0.03499910512466663,-0.003025847832313932,0.03802495295698056,0.22788860556972151
A,FabPr,6,11,0.029202851298570184,-0.005987484130917888,0.03519033542948807,0.42602869856507175
A,FabPr,12,11,-0.05291605890024118,-0.014657369161693051,-0.03825868973854813,0.503924803759812
A,Mach,3,13,0.024467281277769263,0.003827784519014694,0.02063949675875457,0.19309034548272586
A,Mach,6,12,0.013864859609420058,0.007814779338388726,0.006050080271031332,0.8034598270086496
A,Mach,12,12,0.010854754042887391,0.012777299428026611,-0.0019225453851392203,0.952402379881006
A,ElcEq,3,13,0.0035082853067692913,0.006228592714180508,-0.0027203074074112167,0.8672066396680166
A,ElcEq,6,12,0.02862757056421818,0.01228685239094642,0.016340718173271762,0.47547622618869056
A,ElcEq,12,12,0.016141795763945043,0.023282228854701544,-0.007140433090756501,0.8183090845457727
A,Autos,3,13,-0.06911090292730764,0.0046809407177209,-0.07379184364502854,0.007799610019499025
A,Autos,6,12,-0.07297215648122132,0.009840354220011551,-0.08281251070123287,0.04134793260336983
A,Autos,12,12,-0.1315467632212416,0.020256659095635222,-0.15180342231687682,0.016049197540122993
A,Aero,3,13,0.02806090818615373,0.00814680639827164,0.01991410178788209,0.38103094845257734
A,Aero,6,12,0.054641988747569946,0.0169410437291729,0.03770094501839705,0.26928653567321637
A,Aero,12,12,0.02812240402154868,0.034847394532696266,-0.006724990511147586,0.887855607219639
A,Ships,3,13,-0.006463892236538469,0.0014008140771500394,-0.007864706313688508,0.7357632118394081
A,Ships,6,12,0.019151533329968044,0.0032378783147355736,0.01591365501523247,0.6366681665916705
A,Ships,12,12,-0.08329230066199314,0.005960346961428709,-0.08925264762342185,0.06289685515724214
A,Guns,3,12,9.640525033329887e-05,0.0077628952792701605,-0.007666490028936861,0.7694615269236538
A,Guns,6,11,-0.005704780532379406,0.016440165979296626,-0.022144946511676034,0.5703714814259288
A,Guns,12,11,-0.009815750641674465,0.0376977703629843,-0.04751352100465876,0.42977851107444626
A,Gold,3,12,-0.06716716310608327,0.0031403541120066693,-0.07030751721808993,0.1584420778961052
A,Gold,6,11,-0.02473863281906348,0.006820647944031876,-0.03155928076309536,0.6711664416779161
A,Gold,12,11,-0.0003241999289561138,0.01266951093419224,-0.012993710863148353,0.9020048997550123
A,Mines,3,13,-0.011317425547923117,0.0029414134557281747,-0.014258839003651292,0.5773711314434278
A,Mines,6,12,0.015183155701489266,0.006804952854010287,0.008378202847478979,0.8267086645667716
A,Mines,12,12,0.016453059038586723,0.013610487038044287,0.0028425720005424357,0.960201989900505
A,Coal,3,13,-0.007866817512769207,0.008296277051789078,-0.016163094564558285,0.7174141292935353
A,Coal,6,12,0.10521147256011044,0.022143518442742857,0.08306795411736759,0.24748762561871906
A,Coal,12,12,0.17013653857985447,0.053091313131149884,0.11704522544870459,0.2998850057497125
A,Oil,3,13,0.01562984297561533,0.0035391207075099007,0.012090722268105428,0.584070796460177
A,Oil,6,12,0.052179295175851355,0.0073102072021962745,0.04486908797365508,0.16049197540122995
A,Oil,12,12,0.09942591866543471,0.01446724774109771,0.084958670924337,0.0736463176841158
A,Util,3,13,-0.003694077445692256,-0.0031209912331143508,-0.0005730862125779054,0.9730013499325034
A,Util,6,12,-0.006042583920531835,-0.006086466424463178,4.388250393134313e-05,0.9983000849957502
A,Util,12,12,0.012910902696782118,-0.012256550477981857,0.025167453174763973,0.43982800859957
A,Telcm,3,13,-0.00873847889592306,-0.005384539345710406,-0.0033539395502126543,0.832608369581521
A,Telcm,6,12,-0.022828988805110976,-0.010157450835370231,-0.012671537969740744,0.575371231438428
A,Telcm,12,12,-0.05001641027259105,-0.018747436200278807,-0.031268974072312244,0.32223388830558475
A,PerSv,3,13,-0.030361539666692472,-0.003790027473865861,-0.02657151219282661,0.24523773811309435
A,PerSv,6,12,-0.04757123083028073,-0.006498026518751269,-0.041073204311529464,0.23798810059497025
A,PerSv,12,12,-0.038748122060520494,-0.009524907618918539,-0.029223214441601954,0.5689715514224288
A,BusSv,3,13,-0.014615641870230846,0.0026416039587606435,-0.01725724582899149,0.2448877556122194
A,BusSv,6,12,0.0014628189570351571,0.005510858855312765,-0.0040480398982776075,0.8495075246237688
A,BusSv,12,12,0.01723966544508972,0.012684903989762785,0.004554761455326935,0.8823558822058897
A,Comps,3,13,0.040437493359153816,0.0077214405946788465,0.03271605276447497,0.11619419029048547
A,Comps,6,12,0.029084721108330658,0.0151121455373707,0.013972575570959957,0.6489675516224189
A,Comps,12,12,0.06723739800219161,0.03104550257976765,0.03619189542242396,0.4305284735763212
A,Chips,3,13,0.00028558152369229306,0.008237400062380823,-0.00795181853868853,0.6986150692465377
A,Chips,6,12,0.016345547746780268,0.01704187290258596,-0.0006963251558056924,0.9812509374531273
A,Chips,12,12,0.10998667234740579,0.03564398178117719,0.07434269056622861,0.11009449527523624
A,LabEq,3,13,0.03224847747730764,0.005900545267120605,0.02634793221018704,0.15819209039548024
A,LabEq,6,12,0.03889195513847126,0.011537090095182759,0.027354865043288504,0.32538373081345934
A,LabEq,12,12,0.08970665802988363,0.02333249704300295,0.06637416098688068,0.08934553272336383
A,Paper,3,13,0.009605116802922918,-0.002817784839742065,0.012422901642664984,0.4664766761661917
A,Paper,6,12,-0.008167010348793682,-0.004980527143228253,-0.0031864832055654288,0.9002549872506375
A,Paper,12,12,-0.0481906498653945,-0.007777907266372525,-0.04041274259902197,0.28523573821308934
A,Boxes,3,13,0.00474427261869237,0.0008760474120870958,0.003868225206605274,0.8119594020298985
A,Boxes,6,12,-0.012034589208519608,0.002187922990131842,-0.014222512198651449,0.5465226738663067
A,Boxes,12,12,-0.03922441472121949,0.005407260017858233,-0.044631674739077726,0.21083945802709864
A,Trans,3,13,-0.01080280254253853,-0.000636513050058846,-0.010166289492479684,0.5103244837758112
A,Trans,6,12,-0.02290307773564901,-0.0010798555379710054,-0.021823222197678006,0.32573371331433426
A,Trans,12,12,-0.02795466059142139,-0.0016651258272718122,-0.026289534764149577,0.4006299685015749
A,Whlsl,3,13,0.027534493001615482,3.5791405778664674e-05,0.027498701595836818,0.05239738013099345
A,Whlsl,6,12,0.0208903241289581,0.0005124727798950865,0.020377851349063014,0.32703364831758414
A,Whlsl,12,12,0.043589435966312685,0.0018852189767792236,0.041704216989533464,0.17299135043247837
A,Rtail,3,13,-0.012718727264769204,0.002733029236237137,-0.015451756501006341,0.2760361981900905
A,Rtail,6,12,-0.005667876899396205,0.005706937061587642,-0.011374813960983846,0.576271186440678
A,Rtail,12,12,-0.0066379509887037206,0.011681406333045182,-0.018319357321748903,0.5260736963151842
A,Meals,3,13,-0.018173202089384586,0.0042476291202780654,-0.02242083120966265,0.26373681315934205
A,Meals,6,12,-0.012296650249626576,0.009367607232997245,-0.021664257482623822,0.4745762711864407
A,Meals,12,12,-0.020871437105861933,0.020522416335620512,-0.04139385344148244,0.3525323733813309
A,Banks,3,13,-0.01645291890476926,0.0014413741673850347,-0.017894293072154295,0.3031848407579621
A,Banks,6,12,-0.03951349172460233,0.0031079084201112374,-0.042621400144713564,0.09459527023648817
A,Banks,12,12,-0.03471436292419083,0.006989060829020446,-0.041703423753211274,0.25418729063546824
A,Insur,3,13,0.008559216371538456,8.635186404193408e-05,0.008472864507496522,0.6331683415829209
A,Insur,6,12,-0.015659954871836527,0.00020927635380397686,-0.015869231225640504,0.5345232738363082
A,Insur,12,12,-0.015827626498992324,0.00032809468259612754,-0.01615572118158845,0.640517974101295
A,RlEst,3,13,-0.019710129127769108,-0.0031415675376431232,-0.016568561590125985,0.4926753662316884
A,RlEst,6,12,-0.047786897403819556,-0.004783109528456456,-0.0430037878753631,0.24773761311934403
A,RlEst,12,12,-0.09784895359107781,-0.005080272719019444,-0.09276868087205838,0.09484525773711315
A,Fin,3,13,-0.017224461016076883,0.005220998013717758,-0.02244545902979464,0.1184440777961102
A,Fin,6,12,-0.022252217503149586,0.010845715813241105,-0.03309793331639069,0.1271936403179841
A,Fin,12,12,-0.0030652230785827394,0.022521647061123248,-0.025586870139705988,0.383930803459827
A,Other,3,13,-0.027364605281307554,-0.006695490784642107,-0.020669114496665447,0.30998450077496126
A,Other,6,12,-0.032436289677723676,-0.013149109155291279,-0.019287180522432397,0.4950252487375631
A,Other,12,12,-0.04095848359679049,-0.02520319434182921,-0.01575528925496128,0.6871156442177891
B,Agric,3,5,0.01766724339280001,-0.00030162711738122323,0.017968870510181232,0.6465676716164191
B,Agric,6,5,-0.016199011832030884,5.256349387253666e-05,-0.01625157532590342,0.767661616919154
B,Agric,12,5,0.00481544071174832,0.001515744486753783,0.003299696224994537,0.968201589920504
B,Food,3,5,0.04861223894000003,-0.0003339471457474778,0.04894618608574751,0.07879606019699015
B,Food,6,5,0.026981097237465196,5.996944530169768e-05,0.026921127792163498,0.4848257587120644
B,Food,12,5,-0.03952909662935464,0.002617422808034222,-0.04214651943738886,0.48912554372281386
B,Soda,3,5,-0.015313700177399947,0.005241376889078185,-0.020555077066478133,0.5895705214739263
B,Soda,6,5,-0.06415190634710252,0.010383190368715432,-0.07453509671581796,0.17404129793510326
B,Soda,12,5,-0.10538766079534338,0.02037072143742724,-0.12575838223277064,0.10164491775411229
B,Beer,3,5,0.07385697110020005,0.000843819150762326,0.07301315194943772,0.021548922553872307
B,Beer,6,5,0.050824084475580865,0.002280693762416795,0.04854339071316407,0.247987600619969
B,Beer,12,5,0.026946416248790506,0.006671662199097855,0.020274754049692652,0.7474626268686566
B,Smoke,3,5,0.060061668582800085,0.011076827761660196,0.04898484082113989,0.25818709064546774
B,Smoke,6,5,-0.02301128829610816,0.023814378009790034,-0.0468256663058982,0.448027598620069
B,Smoke,12,5,-0.05406750685734272,0.05080643211302885,-0.10487393897037156,0.25028748562571873
B,Toys,3,5,-0.05554823441239992,-0.001934562917758911,-0.05361367149464101,0.22443877806109694
B,Toys,6,5,-0.1803020010668801,-0.0016009016960537668,-0.17870109937082634,0.013249337533123344
B,Toys,12,5,-0.2459378383247369,0.0034185286051871297,-0.24935636692992402,0.024898755062246886
B,Fun,3,5,-0.06639793906520004,0.010138936912888521,-0.07653687597808856,0.07249637518124094
B,Fun,6,5,-0.03749342272629503,0.021753805235057443,-0.05924722796135247,0.33798310084495775
B,Fun,12,5,-0.009409277665181995,0.04492413586607276,-0.05433341353125475,0.527523623818809
B,Books,3,5,-0.03173067862060003,0.00017278420269336065,-0.031903462823293385,0.26993650317484125
B,Books,6,5,-0.06937284429977648,0.0009251013561279322,-0.07029794565590441,0.09714514274286286
B,Books,12,5,-0.059000839835083405,0.00271917394982423,-0.061720013784907636,0.3264336783160842
B,Hshld,3,5,0.007004121143400138,-0.0014210010878001923,0.00842512223120033,0.728563571821409
B,Hshld,6,5,-0.01427786761229749,-0.0023294304662829627,-0.011948437146014528,0.7232138393080346
B,Hshld,12,5,-0.07638753658218309,-0.00400902681437304,-0.07237850976781005,0.15989200539973
B,Clths,3,5,-0.04382393348219992,-0.0009196319920631233,-0.0429043014901368,0.20553972301384932
B,Clths,6,5,-0.06479437349633102,-0.0010398642528051808,-0.06375450924352584,0.18764061796910156
B,Clths,12,5,-0.09782251504016931,0.0008693180013876941,-0.098691833041557,0.1711414429278536
B,Hlth,3,5,0.024691389751800078,0.0012281148598623872,0.02346327489193769,0.6106194690265486
B,Hlth,6,5,0.01582473070829984,0.003541084323938879,0.012283646384360962,0.8583570821458927
B,Hlth,12,5,0.01982571073458248,0.012401166186751068,0.007424544547831414,0.9471026448677566
B,MedEq,3,5,0.0048141472154000385,0.0037569733883501435,0.001057173827049895,0.9686015699215039
B,MedEq,6,5,-0.008395788423258395,0.008720917765783036,-0.01711670618904143,0.6806659667016649
B,MedEq,12,5,0.02467298106565684,0.021801277214526075,0.0028717038511307663,0.9609519524023798
B,Drugs,3,5,0.01685523451860007,0.0054169206138335105,0.011438313904766559,0.6819659017049148
B,Drugs,6,5,0.045901543946647985,0.010899202170765843,0.03500234177588214,0.3585320733963302
B,Drugs,12,5,-0.012736872001247079,0.02287831475601102,-0.0356151867572581,0.5285735713214339
B,Chems,3,5,0.028716995277600032,-0.0024657099802606604,0.031182705257860693,0.19409029548522574
B,Chems,6,5,-0.03075320006411697,-0.004391091560817899,-0.02636210850329907,0.42427878606069697
B,Chems,12,5,-0.05330950946299068,-0.008892005620062577,-0.0444175038429281,0.3560821958902055
B,Rubbr,3,5,0.014139829169400195,0.003703306203975965,0.01043652296542423,0.7153142342882856
B,Rubbr,6,5,-0.04581190015505582,0.007318360205279879,-0.0531302603603357,0.20618969051547423
B,Rubbr,12,5,-0.08046699574036997,0.013761526325191124,-0.0942285220655611,0.10194490275486226
B,Txtls,3,5,0.04379944716520003,-0.0015893590972732563,0.04538880626247329,0.2528373581320934
B,Txtls,6,5,-0.07766549711424195,-0.0028191027138543987,-0.07484639440038755,0.1879906004699765
B,Txtls,12,5,-0.15471871215944422,-0.002932409045613533,-0.15178630311383068,0.07589620518974051
B,BldMt,3,5,0.014254262648600146,0.0026626516408106227,0.011591611007789524,0.6125693715314234
B,BldMt,6,5,-0.03573867102650672,0.0053056980851400445,-0.041044369111646765,0.20463976801159942
B,BldMt,12,5,-0.028319967463233703,0.01050067976795821,-0.03882064723119191,0.3792310384480776
B,Cnstr,3,5,0.025878521334200284,0.004541351397574207,0.02133716993662608,0.576221188940553
B,Cnstr,6,5,-0.041172612095346776,0.009946611768107232,-0.05111922386345401,0.3727813609319534
B,Cnstr,12,5,0.11373123024439583,0.019683758178556235,0.09404747206583959,0.25313734313284336
B,Steel,3,5,0.06886838731820004,-0.0019224359318025595,0.0707908232500026,0.07499625018749062
B,Steel,6,5,0.019856618944092425,-0.0033407706341531535,0.02319738957824558,0.6866156692165392
B,Steel,12,5,0.15504380357675507,-0.007370945159852681,0.16241474873660774,0.05529723513824309
B,FabPr,3,5,0.04878720148080009,-0.003025847832313932,0.05181304931311402,0.28603569821508923
B,FabPr,6,5,0.0019268188011065557,-0.005987484130917888,0.007914302932024444,0.9017049147542623
B,FabPr,12,5,-0.08978915584355962,-0.014657369161693051,-0.07513178668186657,0.39343032848357584
B,Mach,3,5,0.019101676378000088,0.004661612689684271,0.014440063688315817,0.5751212439378031
B,Mach,6,5,-0.018619677965481723,0.009429139422680418,-0.02804881738816214,0.4789260536973151
B,Mach,12,5,0.08134039230772006,0.01587822126972422,0.06546217103799584,0.21298935053247336
B,ElcEq,3,5,-0.007750784007599908,0.005817583158838141,-0.013568367166438049,0.6052697365131744
B,ElcEq,6,5,0.046833072966866805,0.011151284715330905,0.0356817882515359,0.3328833558322084
B,ElcEq,12,5,0.02892715273610416,0.020003156295452365,0.008923996440651796,0.8598070096495175
B,Autos,3,5,-0.11832672599699987,0.0037379483180654573,-0.12206467431506532,0.01544922753862307
B,Autos,6,5,-0.11502432894234131,0.008131268556319992,-0.1231555974986613,0.053547322633868306
B,Autos,12,5,-0.15037112345677034,0.0166864825254344,-0.16705760598220473,0.06789660516974151
B,Aero,3,5,0.09139272604119994,0.007733199893081378,0.08365952614811856,0.03054847257637118
B,Aero,6,5,0.00012327321278617805,0.015507090668521998,-0.01538381745573582,0.7740112994350282
B,Aero,12,5,0.03731828522884435,0.029383397952756355,0.007934887276087998,0.9152042397880106
B,Ships,3,5,0.07555989590540005,0.0031162088786727726,0.07244368702672728,0.06934653267336634
B,Ships,6,5,0.0007526311409267239,0.006603828214375207,-0.005851197073448483,0.9135043247837608
B,Ships,12,5,-0.046488652625203124,0.012219428995395997,-0.05870808162059912,0.4590770461476926
B,Guns,3,5,0.024431143071800016,0.0077628952792701605,0.016668247792529855,0.6783160841957903
B,Guns,6,5,-0.08748933998837051,0.016440165979296626,-0.10392950596766713,0.08714564271786411
B,Guns,12,5,-0.005793514499046293,0.0376977703629843,-0.04349128486203059,0.6215189240537973
B,Gold,3,5,0.10075354234620011,0.0031403541120066693,0.09761318823419345,0.21413929303534823
B,Gold,6,5,-0.06386271502554952,0.006820647944031876,-0.0706833629695814,0.528423578821059
B,Gold,12,5,0.1000242578017462,0.01266951093419224,0.08735474686755396,0.5962701864906754
B,Mines,3,5,0.01954318810640001,0.003907797113188237,0.015635390993211772,0.7140642967851607
B,Mines,6,5,-0.06602281942707766,0.008843751073031902,-0.07486657050010956,0.23888805559722015
B,Mines,12,5,0.0008270847531290697,0.01736979297290986,-0.01654270821978079,0.8630068496575172
B,Coal,3,5,0.0007578909220000874,0.008382562056253727,-0.00762467113425364,0.9160041997900105
B,Coal,6,5,0.10160306446722797,0.02307454880618837,0.0785285156610396,0.48112594370281486
B,Coal,12,5,0.257952030423458,0.057870304085863154,0.20008172633759483,0.2663866806659667
B,Oil,3,5,0.03965092699160006,0.0024424182033236995,0.03720850878827636,0.30408479576021197
B,Oil,6,5,0.04037921559723333,0.005180448314022807,0.03519876728321052,0.487775611219439
B,Oil,12,5,0.14241964614100452,0.010582902739600894,0.13183674340140364,0.09294535273236339
B,Util,3,5,0.01819621252000011,-0.0031699220812307447,0.02136613460123085,0.4528773561321934
B,Util,6,5,0.020651526293512516,-0.006183844714556891,0.026835371008069406,0.4896755162241888
B,Util,12,5,-0.0384670801380543,-0.012546608788707413,-0.025920471349346885,0.6147692615369231
B,Telcm,3,5,-0.012885385887199929,-0.004270810166471888,-0.00861457572072804,0.7404629768511575
B,Telcm,6,5,-0.04022385896813158,-0.007702729242738817,-0.03252112972539277,0.3772311384430779
B,Telcm,12,5,-0.12278282070969446,-0.013795912715612051,-0.10898690799408241,0.038898055097245136
B,PerSv,3,5,0.0022918054207998265,-0.0033263325942986858,0.005618138015098513,0.8876056197190141
B,PerSv,6,5,-0.06410936616023188,-0.005301897947116411,-0.05880746821311547,0.28198590070496476
B,PerSv,12,5,-0.0761513194009559,-0.0064079015056244595,-0.06974341789533145,0.4143292835358232
B,BusSv,3,5,0.010632081076999965,0.0046331134184683116,0.005998967658531654,0.8017599120043998
B,BusSv,6,5,0.033600785898977026,0.009407539859088843,0.024193246039888185,0.48137593120343986
B,BusSv,12,5,0.07815452767521043,0.02026703706307402,0.05788749061213641,0.22688865556722163
B,Comps,3,5,0.0571053596024,0.008326129848190523,0.04877922975420948,0.16099195040247988
B,Comps,6,5,0.06886723573456868,0.015862909064179153,0.053004326670389526,0.2895855207239638
B,Comps,12,5,0.24317261232319268,0.031528845359803666,0.21164376696338902,0.008049597520123995
B,Chips,3,5,0.02896931194440002,0.008140560419736997,0.020828751524663024,0.5311234438278086
B,Chips,6,5,0.07550524611931995,0.016551595819462275,0.05895365029985768,0.23913804309784512
B,Chips,12,5,0.32810884478769703,0.03388136539368813,0.2942274793940089,0.0010999450027498626
B,LabEq,3,5,0.06320596865099999,0.0070354402734901685,0.056170528377509826,0.07214639268036598
B,LabEq,6,5,0.04911517298535386,0.013924286761019497,0.03519088622433436,0.4153292335383231
B,LabEq,12,5,0.1871719926839149,0.02789522152596445,0.15927677115795047,0.015499225038748062
B,Paper,3,5,0.04452016750599983,-0.0022037351757154674,0.0467239026817153,0.09664516774161291
B,Paper,6,5,-0.02226955659985792,-0.004263991057696289,-0.01800556554216163,0.6412179391030448
B,Paper,12,5,-0.09345232565494374,-0.006753358287245644,-0.0866989673676981,0.16174191290435477
B,Boxes,3,5,-0.011428400419199897,-0.0003588336960849543,-0.011069566723114942,0.6745662716864157
B,Boxes,6,5,-0.07058049849154177,-0.00033385411458188296,-0.07024664437695989,0.07464626768661567
B,Boxes,12,5,-0.13883580744057708,-0.00015043496222301705,-0.13868537247835405,0.024748762561871907
B,Trans,3,5,-0.020383288547000045,-0.0003379839269289033,-0.020045304620071144,0.4211289435528224
B,Trans,6,5,-0.10322436548694218,-0.00048816274503097885,-0.1027362027419112,0.0058497075146242685
B,Trans,12,5,-0.07697419610115507,-0.0004523194931175715,-0.0765218766080375,0.13789310534473276
B,Whlsl,3,5,0.07055689135640013,0.0012999914939828489,0.06925689986241727,0.004049797510124494
B,Whlsl,6,5,0.004310433998078888,0.0029781252320014912,0.0013323087660773972,0.9686015699215039
B,Whlsl,12,5,0.10026616423640719,0.0072307311412296025,0.09303543309517759,0.07144642767861607
B,Rtail,3,5,-0.03955916777060001,0.003809994512194015,-0.04336916228279402,0.07454627268636568
B,Rtail,6,5,-0.04194083844729727,0.007922753345033225,-0.04986359179233049,0.1422428878556072
B,Rtail,12,5,-0.10255205752501743,0.01660993675639286,-0.11916199428141029,0.012149392530373481
B,Meals,3,5,-0.0265151738683999,0.006219973992275539,-0.03273514786067544,0.3184340782960852
B,Meals,6,5,-0.04851122060291975,0.013259347822317826,-0.06177056842523758,0.2047397630118494
B,Meals,12,5,-0.04415630737455557,0.027532930552087925,-0.0716892379266435,0.32183390830458475
B,Banks,3,5,-0.03630963699839996,0.0008402630882146293,-0.03714990008661459,0.18924053797310134
B,Banks,6,5,-0.05624302899141398,0.0017297412764679901,-0.057972770267881966,0.15634218289085547
B,Banks,12,5,-0.11183514896895423,0.004049275951756917,-0.11588442492071115,0.051297435128243585
B,Insur,3,5,0.03881593622820001,-9.22937324787975e-05,0.03890822996067881,0.17874106294685266
B,Insur,6,5,0.007090024595225217,-7.380364976337346e-05,0.00716382824498859,0.8542072896355182
B,Insur,12,5,-0.042353743578193805,-0.0003166021915708933,-0.042037141386622914,0.44662766861656916
B,RlEst,3,5,-0.007688758304999858,-0.004058857675239851,-0.0036299006297600073,0.9268536573171341
B,RlEst,6,5,-0.06823460908268747,-0.006676897423114484,-0.06155771165957299,0.3101344932753362
B,RlEst,12,5,-0.05634404613398507,-0.008540010549108697,-0.04780403558487637,0.6064696765161742
B,Fin,3,5,-0.02192156995799995,0.004777732010574072,-0.02669930196857402,0.24283785810709466
B,Fin,6,5,-0.01940030201305195,0.009940181468296118,-0.029340483481348066,0.3930303484825759
B,Fin,12,5,0.00954717013167033,0.020410596109369183,-0.010863425977698854,0.8224088795560222
B,Other,3,5,-0.012256235576399838,-0.0065169625560056645,-0.005739273020394174,0.856407179641018
B,Other,6,5,-0.07056111080810774,-0.012994774372965891,-0.05756633643514185,0.2048397580120994
B,Other,12,5,-0.03010804961832087,-0.024562899888544702,-0.005545149729776169,0.9297035148242588
