universe,period,signal,h,months,first,ic,ic_se,p,p_shift,p_nw,null_z0,ic_h1,ic_h2,gross_excess,bottom_excess
A,P1,SEAS1,1,127,2016-01-29,-0.009543118599256183,0.017076552021404342,0.581705323987937,0.5076230942264434,0.581705323987937,-0.15400986832442184,-0.007196698667402322,-0.011926783291933129,0.003765816557019476,0.0033012399899850814
A,P1,SEAS3,1,127,2016-01-29,0.0010500440407650677,0.016189198523173416,0.9509979361504675,0.9282679330167458,0.9509979361504675,0.08244096914433957,-0.018801233054506587,0.021216420772469616,0.005013623675751748,-0.0010927660456387486
A,P1,SEAS5,1,127,2016-01-29,0.012160373676500717,0.01671964174384712,0.4753308367914002,0.4508872781804549,0.4753308367914002,0.13619074461563663,0.004122257351410183,0.02032607914960856,-0.0005900042075349987,-0.0011645889424290678
A,P2,SEAS1,1,88,2008-09-30,0.022829606504247438,0.020157501274679163,0.33866533366658336,0.33866533366658336,0.24278917757721172,0.5678743756179676,0.005446890125701654,0.040212322882793236,-0.0009394508204874029,0.0061126380771152735
A,P2,SEAS3,1,64,2010-09-30,-0.006097813489651901,0.021264018383353366,0.8335416145963509,0.8335416145963509,0.754534726381663,0.2631941742644554,-0.03308110936991669,0.020885482390612883,0.0038640310922297273,-0.000715944946669168
A,P2,SEAS5,1,40,2012-09-28,,0.02644345870548025,,,0.1373886721311257,,0.03430667601185679,0.04167111235733189,0.0019831853406151387,0.0004901117678090736
B,P1,SEAS1,1,127,2016-01-29,0.003190250836022589,0.017201160475769826,0.870782304423894,0.870782304423894,0.8461094556657183,-0.13883514647007647,0.004045349466938342,0.002321579210965319,0.005556962149054505,0.001520878599237245
B,P1,SEAS3,1,127,2016-01-29,0.0226279704545112,0.015582483056898548,0.16233273906114734,0.16020994751312173,0.16233273906114734,0.09708687410380124,0.01970102405331512,0.025601376322392948,0.004150726438300854,-0.002997678842447268
B,P1,SEAS5,1,127,2016-01-29,0.02963126570009478,0.01663509986126694,0.06673558363994302,0.0614846288427893,0.06673558363994302,0.15821570272535607,0.0320747808605442,0.027148964584717605,0.0026928320875270846,-0.00564021615752281
B,P2,SEAS1,1,88,2008-09-30,0.03979202383472078,0.022386222235817873,0.05798550362409398,0.05798550362409398,0.0517914886634884,0.7272110932469453,0.049562397995414995,0.03002164967402656,-0.004070898135212879,-0.007369917921345201
B,P2,SEAS3,1,64,2010-09-30,0.02353088337063118,0.02725000047314693,0.437890527368158,0.437890527368158,0.37082435579919754,0.3299964645660999,0.021148459247143897,0.025913307494118458,-0.0011356798845695857,-0.00017303907805162316
B,P2,SEAS5,1,40,2012-09-28,,0.025649897374928707,,,0.024438403076484393,,0.016855056058909575,0.10290945377459693,0.009550808747072119,-0.004611531995204902
