universe,period,signal,h,days,ic,p,p_nw,t_nw,null_z0,ic_h1,ic_h2,top5_excess
A,P1,V1,1,1721,-0.0008582648156646523,0.8485378655336165,0.8329316016414343,-0.2109431899090367,0.7228901661091998,-0.004704176105433685,0.002983179678181304,-9.018622567279381e-05
A,P1,V1,5,1717,0.007546084324274646,0.36290927268182954,0.2946890624610556,1.0478904940041294,0.22093500657278972,-0.004523991333519208,0.019602108671640334,0.0007569376152298331
A,P1,V1,10,1712,0.009075538285973368,0.37940514871282177,0.3151456897399152,1.004483356073648,0.10752427225345049,-0.003385332808740455,0.021536409380687193,0.0014691581001530615
A,P1,V1,21,1701,0.0016643288653047938,0.8800299925018745,0.8720935808767382,0.16099977116108488,0.026013306656136978,-0.007542449063634675,0.010860288018769598,0.0008099264178340264
A,P1,V2,1,1721,-0.005810537902732048,0.23719070232441888,0.1296925230124951,-1.5153155074149698,-0.8584986465213961,-0.010137847126245624,-0.0014882545900471785,-0.0001140369784693072
A,P1,V2,5,1717,-0.0006773880294778862,0.9117720569857536,0.9093336278999928,-0.11387910713449043,-0.435701392105638,-0.010474783760876136,0.009108602118996735,0.0005804623611696877
A,P1,V2,10,1712,-0.004469826509350844,0.4943764058985254,0.4716451725218276,-0.7198048269800905,-0.3498576139146953,-0.01476452675014302,0.005824873731441333,0.0011727532666205482
A,P1,V2,21,1701,-0.00938480702787266,0.166208447888028,0.14474494066500054,-1.458346930227196,-0.24679123637184194,-0.015884110666378737,-0.002893140643935917,0.001241013773159834
A,P2,V1,1,2882,-0.002603329262932705,0.40189952511872035,0.3512829605329947,-0.932103652673991,0.5517541430670463,-0.003827322543502738,-0.0013793359823626714,0.00017892109941847765
A,P2,V1,5,2882,-0.005364813106252002,0.32466883279180203,0.3062730435919907,-1.023073609550256,-0.2775920521957985,-0.007296881700097009,-0.003432744512406997,0.0007397307071234827
A,P2,V1,10,2882,0.0008168866145408106,0.9277680579855037,0.9079458803247127,0.11562988075475716,-0.6332597742972121,0.004491849864304096,-0.0028580766352224764,0.0019373163134425073
A,P2,V1,21,2882,-0.0008468270636230146,0.9425143714071482,0.9216365520273775,-0.09837244778416501,-0.923533527561121,0.005017077284620093,-0.006710731411866122,0.005614207729150329
A,P2,V2,1,2882,-0.00773952375478337,0.019245188702824295,0.007052013191836888,-2.6943780286235413,-0.7031199677292391,-0.01241798014519215,-0.0030610673643745906,7.393713517487914e-05
A,P2,V2,5,2882,-0.0021673255939035035,0.6450887278180455,0.6219675228509823,-0.49306377913807153,-0.29590295079314344,-0.005763984492249612,0.0014293333044426068,0.0004928820707795385
A,P2,V2,10,2882,-0.002471884391298727,0.6070982254436391,0.5848355754481641,-0.5463351545649318,-0.14866994658732263,-0.0051823196098105,0.00023855082721304508,0.0009812922096657211
A,P2,V2,21,2882,-0.007366024269274241,0.20219945013746563,0.12900312710148612,-1.5180447132705543,0.018535996812415287,-0.011528351247843108,-0.0032036972907053757,0.003492072363240344
B,P1,V1,1,1721,-0.0029849397261020203,0.4461384653836541,0.42134305556425833,-0.8040933660762107,-0.09418661069962789,-0.006872845105976841,0.0009029656537728003,-2.3855730030195892e-05
B,P1,V1,5,1717,0.0059358886121041385,0.4943764058985254,0.39787886164191655,0.8454155568417041,-0.17587634242862324,0.0002918768784119908,0.011573329901403164,-0.0002649503003145846
B,P1,V1,10,1712,0.01480825656709863,0.1462134466383404,0.10650086487900284,1.6141224677238213,-0.17145915174382204,0.0026346126872656846,0.026981900446931578,-0.0006665876830813679
B,P1,V1,21,1701,0.013252326917321007,0.2969257685578605,0.21401650696159782,1.242596644713339,-0.24381551953008782,0.004056723833619936,0.022437124356975417,0.0009494506976237164
B,P1,V2,1,1721,-0.001795988549206128,0.6153461634591352,0.6174071140944039,-0.49952850012167926,-0.05250257900274132,0.0006359814261370333,-0.004227958524549288,-0.00020228034432462488
B,P1,V2,5,1717,-0.005070919013483267,0.3934016495876031,0.3812739250293181,-0.8755514566402745,0.01491452205020447,-0.006849969315910862,-0.0032939397824205473,-0.0005059698064765529
B,P1,V2,10,1712,-0.008428263159556535,0.22469382654336417,0.16350975725034256,-1.3933639635036397,0.007400286227904277,-0.014528265253389981,-0.0023282610657230883,-0.0010034992754266166
B,P1,V2,21,1701,-0.009993295421052664,0.19220194951262184,0.13270658160041277,-1.5035138754013995,0.05224768698697881,-0.021198741025128316,0.0011989827968842412,-0.0006766131477113582
B,P2,V1,1,2882,-0.006797403673537722,0.014496375906023495,0.013687310384312973,-2.4653666719355454,-0.21176001868631397,-0.014848821768188088,0.0012540144211126447,-6.943714321798358e-05
B,P2,V1,5,2882,-0.004988875885406248,0.42464383904023995,0.36047716251386885,-0.9144562385809628,-0.6494125562090953,-0.01561054933291933,0.005632797562106835,1.1480231415489461e-05
B,P2,V1,10,2882,0.0008443771023168835,0.9310172456885779,0.8970292086855555,0.12941508912827993,-0.7562982315871396,-0.009296420669070134,0.0109851748737039,0.0006397488366004268
B,P2,V1,21,2882,-0.006535942950363153,0.6178455386153462,0.4204565790510919,-0.8056293814675124,-0.8687687278529465,-0.017241297778626475,0.00416941187790017,0.0011270427023130035
B,P2,V2,1,2882,-0.01021914620195688,0.0012496875781054736,0.0002363256743214496,-3.676640547569809,-0.18632685365188367,-0.02117878192298949,0.000740489519075734,-0.0002782158332246214
B,P2,V2,5,2882,-0.006108140413650237,0.18195451137215696,0.136052943602286,-1.490651774466618,0.09393879542317915,-0.016414008386569284,0.0041977275592688075,5.822520351706194e-05
B,P2,V2,10,2882,0.0026448493578239782,0.6250937265683579,0.5595012525806851,0.5835824766315788,0.17890476866292715,0.0006194078799570819,0.0046702908356908756,0.0011360376020922505
B,P2,V2,21,2882,0.007893066167375269,0.208447888027993,0.105597298106346,1.618303076070429,0.23541496931381625,0.003666578046519837,0.012119554288230703,0.003538989462218178
